Created,Deserialized,Processing,Processed,Finished
1715087416.4832602,1715087415.1366715,1715087415.1405573,1715087415.1614802,1715087416.5224636
1715087416.4909222,1715087415.1366973,1715087415.1442695,1715087415.1614904,1715087416.522578
1715087416.4986296,1715087415.1621666,1715087415.162757,1715087415.167745,1715087416.5285633
1715087416.5059133,1715087415.1621733,1715087415.163317,1715087415.167754,1715087416.5286982
1715087416.5127835,1715087415.1682663,1715087415.1688511,1715087415.1737258,1715087416.5346162
1715087416.5194707,1715087415.16827,1715087415.1694186,1715087415.1737356,1715087416.5346854
1715087416.5258162,1715087415.175697,1715087415.1762996,1715087415.1812227,1715087416.5418103
1715087416.5319397,1715087415.1757026,1715087415.1768658,1715087415.1812315,1715087416.5418792
1715087416.5379536,1715087415.1877985,1715087415.1883857,1715087415.1932864,1715087416.5539663
1715087416.544139,1715087415.1878026,1715087415.188951,1715087415.193296,1715087416.5540397
1715087416.550362,1715087415.1997573,1715087415.200351,1715087415.2052255,1715087416.5656617
1715087416.5561635,1715087415.199762,1715087415.2009146,1715087415.2052345,1715087416.5657296
1715087416.5622165,1715087415.2122805,1715087415.2128685,1715087415.2177572,1715087416.578554
1715087416.5678496,1715087415.212285,1715087415.2134323,1715087415.217767,1715087416.5786378
1715087416.5739872,1715087415.2237356,1715087415.2243376,1715087415.2292051,1715087416.5898654
1715087416.5797856,1715087415.2237413,1715087415.2249007,1715087415.2292151,1715087416.5899389
1715087416.5863106,1715087415.235693,1715087415.236293,1715087415.2411678,1715087416.6019645
1715087416.5921144,1715087415.2356977,1715087415.2368596,1715087415.241177,1715087416.6020408
1715087416.5982814,1715087415.247787,1715087415.2484252,1715087415.2532961,1715087416.613825
1715087416.6042244,1715087415.2477922,1715087415.248995,1715087415.2533057,1715087416.6138928
1715087416.610402,1715087415.2598581,1715087415.2604678,1715087415.2653387,1715087416.6277084
1715087416.616297,1715087415.2598624,1715087415.261035,1715087415.2653484,1715087416.6277819
1715087416.6224437,1715087415.271368,1715087415.271958,1715087415.2768326,1715087416.6373794
1715087416.6278396,1715087415.2713723,1715087415.2725267,1715087415.2768424,1715087416.6374478
1715087416.633989,1715087415.2832236,1715087415.2838182,1715087415.2886963,1715087416.6491306
1715087416.6396878,1715087415.2832284,1715087415.2843866,1715087415.2887058,1715087416.6492097
1715087416.6458886,1715087415.2949219,1715087415.2955103,1715087415.300379,1715087416.6610005
1715087416.6513884,1715087415.294926,1715087415.2960794,1715087415.3003886,1715087416.6610718
1715087416.6574883,1715087415.3068285,1715087415.307426,1715087415.312293,1715087416.6728435
1715087416.6632042,1715087415.3068323,1715087415.3079915,1715087415.312302,1715087416.672916
1715087416.669398,1715087415.3188193,1715087415.3194304,1715087415.3243105,1715087416.6848779
1715087416.675301,1715087415.3188236,1715087415.3199995,1715087415.324321,1715087416.6849523
1715087416.6814668,1715087415.3308156,1715087415.3314402,1715087415.336315,1715087416.6967916
1715087416.6871912,1715087415.33082,1715087415.3320138,1715087415.3363245,1715087416.6968758
1715087416.6934044,1715087415.3433125,1715087415.3439655,1715087415.3488688,1715087416.7096527
1715087416.6991498,1715087415.343317,1715087415.344556,1715087415.3488781,1715087416.7097204
1715087416.7058809,1715087415.3557217,1715087415.356373,1715087415.3612761,1715087416.7216911
1715087416.71198,1715087415.3557265,1715087415.356963,1715087415.3612862,1715087416.7217555
1715087416.718336,1715087415.367574,1715087415.3681989,1715087415.3730786,1715087416.733849
1715087416.7240143,1715087415.3675783,1715087415.368774,1715087415.373088,1715087416.7339225
1715087416.7301905,1715087415.3797307,1715087415.3803725,1715087415.3852437,1715087416.7457569
1715087416.7361906,1715087415.3797355,1715087415.3809516,1715087415.385253,1715087416.7458358
1715087416.742341,1715087415.3916306,1715087415.392282,1715087415.3971741,1715087416.757999
1715087416.7481341,1715087415.3916347,1715087415.392864,1715087415.3971837,1715087416.758071
1715087416.7542074,1715087415.403882,1715087415.4045277,1715087415.4094472,1715087416.7699366
1715087416.7603252,1715087415.4038858,1715087415.4051192,1715087415.409456,1715087416.770099
1715087416.7664695,1715087415.416548,1715087415.4172113,1715087415.4221258,1715087416.7834783
1715087416.7723613,1715087415.4165525,1715087415.4178085,1715087415.4221358,1715087416.7835443
1715087416.7785385,1715087415.4283018,1715087415.428957,1715087415.4338582,1715087416.794427
1715087416.7847447,1715087415.428307,1715087415.4295468,1715087415.4338677,1715087416.7944937
1715087416.790847,1715087415.4402277,1715087415.4408727,1715087415.4457603,1715087416.8062272
1715087416.796759,1715087415.4402323,1715087415.4414525,1715087415.44577,1715087416.8062863
1715087416.8028703,1715087415.4519863,1715087415.4526134,1715087415.4575016,1715087416.8180199
1715087416.808491,1715087415.4519906,1715087415.4531775,1715087415.4575114,1715087416.8180866
1715087416.8146746,1715087415.4640522,1715087415.4646723,1715087415.4695892,1715087416.831481
1715087416.820342,1715087415.4640563,1715087415.4652576,1715087415.4695988,1715087416.831546
1715087416.826482,1715087415.47628,1715087415.476929,1715087415.4818501,1715087416.8423877
1715087416.8327212,1715087415.4762845,1715087415.477527,1715087415.4818597,1715087416.8424578
1715087416.8388631,1715087415.4882903,1715087415.4889207,1715087415.4938185,1715087416.854478
1715087416.8446496,1715087415.4882944,1715087415.4895039,1715087415.4938283,1715087416.8545597
1715087416.8508565,1715087415.5002801,1715087415.5009077,1715087415.5058138,1715087416.8663971
1715087416.856732,1715087415.5002844,1715087415.501496,1715087415.5058231,1715087416.8664744
1715087416.8628821,1715087415.5128753,1715087415.5135393,1715087415.5184436,1715087416.884209
1715087416.8686564,1715087415.5128798,1715087415.5141377,1715087415.5184538,1715087416.8842814
1715087416.8754578,1715087415.526222,1715087415.5269213,1715087415.5319216,1715087416.8953574
1715087416.881776,1715087415.526227,1715087415.5275753,1715087415.5319314,1715087416.8954258
1715087416.8874485,1715087415.5368261,1715087415.5374353,1715087415.542316,1715087416.9029584
1715087416.8931782,1715087415.5368307,1715087415.5380023,1715087415.5423265,1715087416.9030333
1715087416.8995578,1715087415.5487537,1715087415.549357,1715087415.5542438,1715087416.9149306
1715087416.905203,1715087415.5487583,1715087415.549925,1715087415.5542536,1715087416.9150012
1715087416.9114337,1715087415.5607846,1715087415.561399,1715087415.5662992,1715087416.92686
1715087416.917241,1715087415.5607896,1715087415.5619671,1715087415.5663083,1715087416.9269302
1715087416.9233375,1715087415.5726395,1715087415.5732322,1715087415.5781236,1715087416.938646
1715087416.9290817,1715087415.5726438,1715087415.5737994,1715087415.5781333,1715087416.9387264
1715087416.9352343,1715087415.5845335,1715087415.5851219,1715087415.5899963,1715087416.9505262
1715087416.9409828,1715087415.5845375,1715087415.5856857,1715087415.5900052,1715087416.9505877
1715087416.9471183,1715087415.596357,1715087415.596947,1715087415.601844,1715087416.9626226
1715087416.952863,1715087415.5963612,1715087415.597511,1715087415.6018534,1715087416.9627028
1715087416.9589436,1715087415.6085672,1715087415.609204,1715087415.6140895,1715087416.975094
1715087416.964949,1715087415.6085725,1715087415.6097796,1715087415.6141045,1715087416.9751718
1715087416.9711952,1715087415.6209362,1715087415.6215708,1715087415.6264927,1715087416.9878001
1715087416.977468,1715087415.6209407,1715087415.6221726,1715087415.626502,1715087416.9878628
1715087416.983587,1715087415.632472,1715087415.633073,1715087415.6379602,1715087416.998531
1715087416.9890106,1715087415.6324759,1715087415.6336381,1715087415.63797,1715087416.9986079
1715087416.995129,1715087415.6443725,1715087415.644969,1715087415.6498535,1715087417.0103004
1715087417.0008726,1715087415.6443768,1715087415.6455348,1715087415.649863,1715087417.010369
1715087417.006985,1715087415.6561267,1715087415.6567247,1715087415.6616063,1715087417.0226426
1715087417.0126317,1715087415.656131,1715087415.6572938,1715087415.6616163,1715087417.022776
1715087417.0188985,1715087415.6688392,1715087415.6694841,1715087415.6743908,1715087417.0361192
1715087417.0250244,1715087415.6688435,1715087415.670079,1715087415.6744003,1715087417.036209
1715087417.0312657,1715087415.6809926,1715087415.681649,1715087415.6865823,1715087417.0470293
1715087417.0373368,1715087415.680998,1715087415.6822534,1715087415.6865914,1715087417.047092
1715087417.04345,1715087415.6931305,1715087415.6937678,1715087415.698675,1715087417.0593178
1715087417.0493617,1715087415.6931348,1715087415.6943622,1715087415.6986847,1715087417.0593855
1715087417.0557609,1715087415.7051606,1715087415.7057948,1715087415.710707,1715087417.0711896
1715087417.0616436,1715087415.7051651,1715087415.7063932,1715087415.7107165,1715087417.0712583
1715087417.0677376,1715087415.717725,1715087415.7183807,1715087415.7232816,1715087417.083911
1715087417.0734975,1715087415.7177296,1715087415.7189755,1715087415.723291,1715087417.0839748
1715087417.0797231,1715087415.7296662,1715087415.7303205,1715087415.7352352,1715087417.095664
1715087417.0862398,1715087415.7296708,1715087415.730914,1715087415.7352445,1715087417.0957265
1715087417.09234,1715087415.7414603,1715087415.7420914,1715087415.746991,1715087417.1076403
1715087417.0979793,1715087415.7414646,1715087415.7426746,1715087415.7470012,1715087417.1077158
1715087417.1041086,1715087415.7533593,1715087415.7539701,1715087415.758874,1715087417.1193721
1715087417.109901,1715087415.7533636,1715087415.7545564,1715087415.7588823,1715087417.1194363
1715087417.1160045,1715087415.7651064,1715087415.765713,1715087415.7705975,1715087417.1312418
1715087417.1217,1715087415.7651107,1715087415.7662857,1715087415.7706068,1715087417.1313286
1715087417.127792,1715087415.7770128,1715087415.777635,1715087415.7825282,1715087417.1430662
1715087417.133512,1715087415.777017,1715087415.7782178,1715087415.7825377,1715087417.1431298
1715087417.1396563,1715087415.788857,1715087415.789476,1715087415.7943637,1715087417.1549428
1715087417.1453936,1715087415.788862,1715087415.790046,1715087415.794373,1715087417.1550124
1715087417.1515002,1715087415.8006055,1715087415.8012135,1715087415.806105,1715087417.1670108
1715087417.1571496,1715087415.8006098,1715087415.801786,1715087415.8061142,1715087417.1671228
1715087417.1633213,1715087415.8135145,1715087415.8141801,1715087415.8191018,1715087417.1797917
1715087417.1693602,1715087415.8135188,1715087415.814785,1715087415.819111,1715087417.1798627
1715087417.1761065,1715087415.825706,1715087415.8263516,1715087415.8312378,1715087417.1924872
1715087417.182137,1715087415.8257103,1715087415.8269393,1715087415.8312476,1715087417.1925511
1715087417.1883705,1715087415.8383818,1715087415.8390398,1715087415.8439693,1715087417.204547
1715087417.1948092,1715087415.838386,1715087415.8396525,1715087415.8439791,1715087417.2047114
1715087417.2009394,1715087415.8504875,1715087415.851143,1715087415.8560407,1715087417.2167473
1715087417.2069716,1715087415.8504925,1715087415.8517337,1715087415.8560503,1715087417.2168384
1715087417.2130616,1715087415.8667102,1715087415.8675869,1715087415.8729625,1715087417.2336674
1715087417.2190413,1715087415.866716,1715087415.868369,1715087415.872972,1715087417.2337403
1715087417.2252326,1715087415.8755603,1715087415.876148,1715087415.8810196,1715087417.242649
1715087417.2314448,1715087415.8755646,1715087415.8767145,1715087415.8810291,1715087417.2427213
1715087417.2379851,1715087415.887363,1715087415.8879528,1715087415.8928227,1715087417.253308
1715087417.243849,1715087415.8873672,1715087415.8885138,1715087415.8928323,1715087417.2533782
1715087417.2499037,1715087415.8991377,1715087415.8997278,1715087415.9045885,1715087417.265104
1715087417.2556133,1715087415.8991418,1715087415.900291,1715087415.9045982,1715087417.2651892
1715087417.261804,1715087415.910835,1715087415.9114213,1715087415.9162774,1715087417.2767706
1715087417.2673125,1715087415.9108386,1715087415.911983,1715087415.9162872,1715087417.2768476
1715087417.2734647,1715087415.9226618,1715087415.9232502,1715087415.9281247,1715087417.288659
1715087417.2791054,1715087415.922666,1715087415.9238183,1715087415.9281337,1715087417.288725
1715087417.2852535,1715087415.9351025,1715087415.9357285,1715087415.9405925,1715087417.3012533
1715087417.290886,1715087415.9351068,1715087415.9363027,1715087415.9406023,1715087417.301326
1715087417.2973852,1715087415.9470885,1715087415.9477317,1715087415.9526234,1715087417.3148053
1715087417.303578,1715087415.9470932,1715087415.9483137,1715087415.9526331,1715087417.3148842
1715087417.3097029,1715087415.962379,1715087415.9632137,1715087415.9684596,1715087417.3316216
1715087417.316023,1715087415.962386,1715087415.9639542,1715087415.968469,1715087417.3317082
1715087417.3221922,1715087415.9726396,1715087415.9732401,1715087415.9781241,1715087417.3389275
1715087417.3284924,1715087415.9726439,1715087415.9738045,1715087415.9781334,1715087417.3390105
1715087417.334913,1715087415.985825,1715087415.986522,1715087415.9914722,1715087417.3524792
1715087417.3422706,1715087415.9858298,1715087415.9871514,1715087415.9914808,1715087417.3525689
1715087417.3485851,1715087415.9985094,1715087415.9992063,1715087416.0041742,1715087417.3651378
1715087417.3547912,1715087415.9985142,1715087415.9998295,1715087416.0041835,1715087417.3652124
1715087417.3611116,1715087416.0112312,1715087416.0119112,1715087416.0168512,1715087417.3775597
1715087417.3674784,1715087416.0112355,1715087416.012534,1715087416.0168607,1715087417.3776543
1715087417.3738108,1715087416.0236807,1715087416.0243604,1715087416.0293033,1715087417.3900127
1715087417.3799908,1715087416.0236855,1715087416.0249805,1715087416.0293136,1715087417.3901074
1715087417.3862658,1715087416.035957,1715087416.036624,1715087416.041551,1715087417.4021447
1715087417.3922925,1715087416.0359619,1715087416.0372279,1715087416.0415606,1715087417.402237
1715087417.3986065,1715087416.0479565,1715087416.0485961,1715087416.0534902,1715087417.4141326
1715087417.4044197,1715087416.047961,1715087416.0491831,1715087416.053499,1715087417.4142098
1715087417.4105287,1715087416.0599356,1715087416.0605724,1715087416.0654705,1715087417.4261038
1715087417.4163861,1715087416.0599399,1715087416.0611558,1715087416.06548,1715087417.4261835
1715087417.4225256,1715087416.0722854,1715087416.0729227,1715087416.0778265,1715087417.4386187
1715087417.4283757,1715087416.07229,1715087416.0735114,1715087416.0778363,1715087417.4386945
1715087417.4349535,1715087416.084658,1715087416.0852997,1715087416.0902,1715087417.451017
1715087417.440963,1715087416.0846622,1715087416.085886,1715087416.09021,1715087417.4511044
1715087417.4473398,1715087416.0967646,1715087416.0974028,1715087416.1023073,1715087417.463302
1715087417.4532456,1715087416.096769,1715087416.097989,1715087416.1023169,1715087417.463482
1715087417.4593832,1715087416.1093385,1715087416.1100087,1715087416.1149566,1715087417.4756603
1715087417.4657812,1715087416.1093442,1715087416.1106336,1715087416.1149657,1715087417.4757369
1715087417.4718847,1715087416.1218996,1715087416.1225884,1715087416.1275253,1715087417.4881997
1715087417.4780247,1715087416.1219044,1715087416.1232097,1715087416.1275349,1715087417.488288
1715087417.484371,1715087416.1341023,1715087416.1347806,1715087416.1397169,1715087417.5007336
1715087417.4904327,1715087416.134107,1715087416.1354039,1715087416.1397269,1715087417.5008118
1715087417.4966807,1715087416.1467097,1715087416.1473937,1715087416.152346,1715087417.5131733
1715087417.5030334,1715087416.1467142,1715087416.1480148,1715087416.1523557,1715087417.5132396
1715087417.5093825,1715087416.158928,1715087416.1595786,1715087416.1644857,1715087417.5261605
1715087417.5153637,1715087416.1589322,1715087416.1601827,1715087416.1644948,1715087417.5262318
1715087417.5215552,1715087416.173918,1715087416.1747282,1715087416.1799586,1715087417.5407326
1715087417.5284865,1715087416.1739237,1715087416.1754582,1715087416.1799686,1715087417.5408049
1715087417.5351706,1715087416.1860492,1715087416.1867669,1715087416.1918104,1715087417.5523882
1715087417.5420587,1715087416.1860542,1715087416.187422,1715087416.1918201,1715087417.5524623
1715087417.5488546,1715087416.1984649,1715087416.1991434,1715087416.2040823,1715087417.564794
1715087417.5546458,1715087416.1984694,1715087416.199754,1715087416.2040918,1715087417.5648816
1715087417.561109,1715087416.2128205,1715087416.2136023,1715087416.2187812,1715087417.57969
1715087417.5680935,1715087416.2128267,1715087416.214328,1715087416.2187903,1715087417.5797884
1715087417.5753741,1715087416.2279603,1715087416.2287984,1715087416.2340772,1715087417.5949287
1715087417.5830653,1715087416.2279665,1715087416.22955,1715087416.234087,1715087417.595049
1715087417.5904236,1715087416.2431698,1715087416.244064,1715087416.2494774,1715087417.6101675
1715087417.5983481,1715087416.2431765,1715087416.2448678,1715087416.2494872,1715087417.6102479
1715087417.6056283,1715087416.2566512,1715087416.2574756,1715087416.2626922,1715087417.6232717
1715087417.612512,1715087416.2566566,1715087416.2582119,1715087416.2627015,1715087417.623341
1715087417.6191866,1715087416.269454,1715087416.270213,1715087416.2753017,1715087417.6362407
1715087417.6256027,1715087416.2694592,1715087416.2708926,1715087416.2753115,1715087417.6363094
1715087417.6321099,1715087416.2820132,1715087416.2827113,1715087416.287699,1715087417.6483958
1715087417.6385455,1715087416.2820177,1715087416.2833545,1715087416.2877088,1715087417.648468
1715087417.6446643,1715087416.2940679,1715087416.2947352,1715087416.299644,1715087417.6601424
1715087417.6506042,1715087416.2940724,1715087416.2953403,1715087416.2996533,1715087417.6602404
1715087417.6567318,1715087416.3059208,1715087416.306556,1715087416.311451,1715087417.671919
1715087417.6624901,1715087416.3059254,1715087416.307141,1715087416.3114614,1715087417.6719916
1715087417.6685905,1715087416.3184476,1715087416.3191094,1715087416.3240333,1715087417.6848078
1715087417.6742387,1715087416.318452,1715087416.3197155,1715087416.3240426,1715087417.6849084
1715087417.6803346,1715087416.329883,1715087416.330513,1715087416.335387,1715087417.6958737
1715087417.6861482,1715087416.329888,1715087416.331084,1715087416.3353965,1715087417.6959674
1715087417.6923838,1715087416.3416762,1715087416.342295,1715087416.3471856,1715087417.7076962
1715087417.698199,1715087416.3416803,1715087416.3428674,1715087416.3471951,1715087417.7078874
1715087417.7043025,1715087416.3541353,1715087416.35477,1715087416.3596675,1715087417.720131
1715087417.7101252,1715087416.35414,1715087416.3553593,1715087416.3596768,1715087417.7201998
1715087417.7164843,1715087416.3659585,1715087416.3665977,1715087416.3714972,1715087417.7321236
1715087417.7224765,1715087416.365963,1715087416.367185,1715087416.3715065,1715087417.7321842
1715087417.7287278,1715087416.3786166,1715087416.379293,1715087416.384231,1715087417.7447116
1715087417.7344437,1715087416.3786209,1715087416.379907,1715087416.3842402,1715087417.7447731
1715087417.7405775,1715087416.391019,1715087416.391671,1715087416.3965826,1715087417.7571325
1715087417.747022,1715087416.3910239,1715087416.3922777,1715087416.3965926,1715087417.757192
1715087417.7533216,1715087416.4033859,1715087416.4040453,1715087416.4089673,1715087417.7695403
1715087417.7593205,1715087416.4033906,1715087416.4046514,1715087416.4089763,1715087417.7696042
1715087417.7654374,1715087416.415994,1715087416.4166517,1715087416.4215868,1715087417.7819104
1715087417.7718568,1715087416.4159987,1715087416.4172661,1715087416.421596,1715087417.7823598
1715087417.7780583,1715087416.4284327,1715087416.4290967,1715087416.43404,1715087417.794608
1715087417.7846038,1715087416.4284372,1715087416.4297206,1715087416.4340496,1715087417.7946842
1715087417.7907815,1715087416.4404767,1715087416.4411602,1715087416.4460776,1715087417.8075013
1715087417.7969227,1715087416.4404812,1715087416.4417567,1715087416.4460871,1715087417.8075695
1715087417.803078,1715087416.4531403,1715087416.4537685,1715087416.458674,1715087417.8192704
1715087417.8087442,1715087416.4531446,1715087416.454359,1715087416.458684,1715087417.8193338
1715087417.8148553,1715087416.4640806,1715087416.4646792,1715087416.4695454,1715087417.830272
1715087417.820557,1715087416.4640858,1715087416.4652436,1715087416.469555,1715087417.8303428
1715087417.8267765,1715087416.4759939,1715087416.476587,1715087416.4814668,1715087417.8421226
1715087417.8325183,1715087416.4759982,1715087416.477157,1715087416.481476,1715087417.8421912
1715087417.8386517,1715087416.4880605,1715087416.4886763,1715087416.4935634,1715087417.8552492
1715087417.8443325,1715087416.4880648,1715087416.4892514,1715087416.4935727,1715087417.8553176
1715087417.8504796,1715087416.5001583,1715087416.5007858,1715087416.5056858,1715087417.8662584
1715087417.8566144,1715087416.5001621,1715087416.501366,1715087416.5056949,1715087417.8663292
1715087417.862745,1715087416.5120757,1715087416.5126994,1715087416.5176063,1715087417.8781266
1715087417.8685,1715087416.5120807,1715087416.5132842,1715087416.5176148,1715087417.8782015
1715087417.874659,1715087416.5239675,1715087416.5245817,1715087416.5294619,1715087417.8899233
1715087417.8804576,1715087416.5239716,1715087416.525153,1715087416.5294712,1715087417.8899896
1715087417.8866012,1715087416.5358222,1715087416.5364594,1715087416.5413208,1715087417.9019673
1715087417.8921826,1715087416.5358262,1715087416.5370243,1715087416.5413303,1715087417.9020495
1715087417.8984509,1715087416.5494137,1715087416.55011,1715087416.5551114,1715087417.9159083
1715087417.9052908,1715087416.5494182,1715087416.5507514,1715087416.5551217,1715087417.9159994
1715087417.911945,1715087416.5618198,1715087416.5625048,1715087416.5674553,1715087417.9281301
1715087417.9182744,1715087416.561825,1715087416.5631206,1715087416.567465,1715087417.9281998
1715087417.9244823,1715087416.5747151,1715087416.5753777,1715087416.580293,1715087417.9415157
1715087417.9304683,1715087416.5747197,1715087416.5759847,1715087416.5803032,1715087417.9415886
1715087417.9366121,1715087416.5863273,1715087416.586927,1715087416.591801,1715087417.9524837
1715087417.942775,1715087416.5863314,1715087416.587502,1715087416.5918112,1715087417.9525495
1715087417.948968,1715087416.5987802,1715087416.5994158,1715087416.6043048,1715087417.964788
1715087417.9547937,1715087416.5987842,1715087416.6000147,1715087416.6043146,1715087417.9648495
1715087417.9609315,1715087416.6106427,1715087416.611295,1715087416.616177,1715087417.9767962
1715087417.9671094,1715087416.6106472,1715087416.611878,1715087416.6161869,1715087417.9768703
1715087417.9732404,1715087416.6227164,1715087416.6233249,1715087416.6281884,1715087417.988912
1715087417.9790385,1715087416.6227207,1715087416.623888,1715087416.628198,1715087417.9889808
1715087417.985259,1715087416.6347928,1715087416.635406,1715087416.6402886,1715087418.0008
1715087417.9912374,1715087416.6347973,1715087416.635981,1715087416.6402981,1715087418.0008712
1715087417.9973814,1715087416.6465077,1715087416.647116,1715087416.651983,1715087418.0130718
1715087418.0029852,1715087416.6465118,1715087416.6476877,1715087416.6519928,1715087418.0131469
1715087418.00914,1715087416.6608667,1715087416.6616142,1715087416.6667244,1715087418.0272992
1715087418.0162942,1715087416.660873,1715087416.6622965,1715087416.6667337,1715087418.0273643
1715087418.0230815,1715087416.6733787,1715087416.6741111,1715087416.6791277,1715087418.0397646
1715087418.0295494,1715087416.6733842,1715087416.674761,1715087416.6791372,1715087418.0398302
1715087418.036013,1715087416.685795,1715087416.6864836,1715087416.6914315,1715087418.0526922
1715087418.0420845,1715087416.6857996,1715087416.6870966,1715087416.691441,1715087418.0527608
1715087418.0484834,1715087416.69856,1715087416.6992483,1715087416.7042167,1715087418.0647528
1715087418.0550175,1715087416.6985655,1715087416.699869,1715087416.7042263,1715087418.0648253
1715087418.0611713,1715087416.7105796,1715087416.7112277,1715087416.716136,1715087418.0766466
1715087418.0670831,1715087416.7105844,1715087416.7118218,1715087416.7161455,1715087418.0767121
1715087418.0732377,1715087416.7224827,1715087416.7231052,1715087416.7279842,1715087418.0885358
1715087418.0789628,1715087416.722487,1715087416.7236843,1715087416.7279944,1715087418.0886023
1715087418.0850627,1715087416.7343845,1715087416.7350109,1715087416.739896,1715087418.1004922
1715087418.090801,1715087416.734389,1715087416.7355886,1715087416.7399056,1715087418.100559
1715087418.096906,1715087416.746526,1715087416.7471528,1715087416.7520418,1715087418.11315
1715087418.1027951,1715087416.7465303,1715087416.7477236,1715087416.752051,1715087418.113221
1715087418.1091115,1715087416.758886,1715087416.7595253,1715087416.7644303,1715087418.1259665
1715087418.115458,1715087416.758891,1715087416.7601216,1715087416.76444,1715087418.1260307
1715087418.121542,1715087416.7709773,1715087416.7716136,1715087416.7764976,1715087418.1370792
1715087418.127293,1715087416.7709816,1715087416.7721953,1715087416.7765071,1715087418.1371624
1715087418.133594,1715087416.7883942,1715087416.789367,1715087416.7949371,1715087418.1595905
1715087418.1393585,1715087416.7884011,1715087416.790227,1715087416.794947,1715087418.1596932
1715087418.147254,1715087416.8014545,1715087416.8022912,1715087416.8075118,1715087418.1684604
1715087418.1556416,1715087416.8014603,1715087416.8030245,1715087416.8075218,1715087418.1686292
1715087418.1630363,1715087416.8169339,1715087416.8178442,1715087416.8233392,1715087418.1850493
1715087418.1709702,1715087416.8169403,1715087416.8186715,1715087416.8233488,1715087418.1851752
1715087418.179521,1715087416.83372,1715087416.8347702,1715087416.840478,1715087418.2014654
1715087418.1886966,1715087416.833727,1715087416.8356743,1715087416.8404877,1715087418.2016273
1715087418.1962101,1715087416.850394,1715087416.8514647,1715087416.8572497,1715087418.2189598
1715087418.2038665,1715087416.8504019,1715087416.852396,1715087416.8572595,1715087418.2191074
1715087418.2124221,1715087416.8670263,1715087416.8681004,1715087416.873899,1715087418.2351913
1715087418.221433,1715087416.8670347,1715087416.8690393,1715087416.8739078,1715087418.2356977
1715087418.229517,1715087416.8839061,1715087416.8849714,1715087416.8907433,1715087418.2540233
1715087418.2369783,1715087416.8839138,1715087416.885892,1715087416.8907528,1715087418.2540941
1715087418.2449434,1715087416.8956435,1715087416.8963764,1715087416.901392,1715087418.2621236
1715087418.2515059,1715087416.8956485,1715087416.8970275,1715087416.9014013,1715087418.2621949
1715087418.2582176,1715087416.907861,1715087416.9085433,1715087416.9134865,1715087418.2741427
1715087418.2643187,1715087416.9078655,1715087416.9091651,1715087416.9134965,1715087418.2742095
1715087418.2705002,1715087416.9198575,1715087416.9205215,1715087416.9254224,1715087418.2861643
1715087418.276327,1715087416.9198623,1715087416.9211147,1715087416.9254317,1715087418.2862332
1715087418.2825477,1715087416.9327521,1715087416.9334455,1715087416.9384184,1715087418.2990055
1715087418.288469,1715087416.9327571,1715087416.9340768,1715087416.938428,1715087418.299079
1715087418.2946048,1715087416.9437902,1715087416.9443932,1715087416.949263,1715087418.309889
1715087418.3003085,1715087416.9437947,1715087416.944956,1715087416.9492729,1715087418.309964
1715087418.3065166,1715087416.9559028,1715087416.9565375,1715087416.9614189,1715087418.3227162
1715087418.312215,1715087416.9559076,1715087416.9571111,1715087416.9614282,1715087418.3228724
1715087418.3185315,1715087416.9716055,1715087416.9724433,1715087416.9777093,1715087418.3388777
1715087418.3261502,1715087416.9716115,1715087416.9731941,1715087416.977719,1715087418.3389552
1715087418.334016,1715087416.986494,1715087416.9873645,1715087416.9926982,1715087418.353246
1715087418.3411882,1715087416.9865005,1715087416.988141,1715087416.9927082,1715087418.3533366
1715087418.3477716,1715087416.9988277,1715087416.9995508,1715087417.0045688,1715087418.3651998
1715087418.3534367,1715087416.9988327,1715087417.000204,1715087417.0045786,1715087418.3653178
1715087418.3606572,1715087417.013414,1715087417.0142474,1715087417.0195131,1715087418.3801894
1715087418.3685613,1715087417.013419,1715087417.0149996,1715087417.0195227,1715087418.3802643
1715087418.3761556,1715087417.0262327,1715087417.026977,1715087417.0320451,1715087418.3938673
1715087418.3825006,1715087417.026238,1715087417.027653,1715087417.0320544,1715087418.3939655
1715087418.3889744,1715087417.0387347,1715087417.0394194,1715087417.0443637,1715087418.4050655
1715087418.3952203,1715087417.0387397,1715087417.0400379,1715087417.044373,1715087418.4051363
1715087418.4013584,1715087417.051047,1715087417.0517106,1715087417.056627,1715087418.4176025
1715087418.407539,1715087417.0510516,1715087417.0523202,1715087417.0566366,1715087418.4176729
1715087418.4137495,1715087417.0634003,1715087417.0640504,1715087417.0689647,1715087418.4297876
1715087418.4199083,1715087417.0634048,1715087417.0646605,1715087417.0689738,1715087418.4298606
1715087418.4261081,1715087417.0756478,1715087417.07629,1715087417.0811915,1715087418.442288
1715087418.432102,1715087417.0756524,1715087417.0768788,1715087417.0812008,1715087418.4423592
1715087418.438378,1715087417.0887482,1715087417.0894618,1715087417.0944595,1715087418.4554765
1715087418.4446068,1715087417.088754,1715087417.090095,1715087417.0944693,1715087418.4555466
1715087418.4507127,1715087417.1008346,1715087417.1014557,1715087417.1063523,1715087418.4668286
1715087418.456702,1715087417.1008391,1715087417.10203,1715087417.1063619,1715087418.4669063
1715087418.462818,1715087417.1127036,1715087417.1133394,1715087417.1182306,1715087418.4787922
1715087418.469159,1715087417.1127086,1715087417.1139097,1715087417.1182404,1715087418.4788666
1715087418.4753542,1715087417.124696,1715087417.1253202,1715087417.1302044,1715087418.4909945
1715087418.4811046,1715087417.1247003,1715087417.125889,1715087417.130214,1715087418.4910753
1715087418.4871843,1715087417.1376355,1715087417.1383073,1715087417.1432312,1715087418.5037599
1715087418.493225,1715087417.1376402,1715087417.138914,1715087417.143241,1715087418.5038297
1715087418.4994512,1715087417.1485167,1715087417.149108,1715087417.154009,1715087418.5146415
1715087418.505001,1715087417.1485212,1715087417.1496737,1715087417.1540189,1715087418.5147076
1715087418.511221,1715087417.160509,1715087417.1611235,1715087417.166016,1715087418.5272334
1715087418.5170736,1715087417.1605132,1715087417.1616905,1715087417.1660252,1715087418.5273037
1715087418.5232096,1715087417.1733785,1715087417.1740472,1715087417.1789806,1715087418.5395956
1715087418.5295637,1715087417.1733835,1715087417.174668,1715087417.1789906,1715087418.5396662
1715087418.5356765,1715087417.1852949,1715087417.1859486,1715087417.1908987,1715087418.5516496
1715087418.5417879,1715087417.1852994,1715087417.1865609,1715087417.190908,1715087418.5517187
1715087418.5480247,1715087417.1988096,1715087417.1995218,1715087417.204513,1715087418.5654426
1715087418.5539725,1715087417.1988149,1715087417.2001739,1715087417.2045226,1715087418.5655198
1715087418.5603454,1715087417.2101347,1715087417.2107635,1715087417.2156625,1715087418.5769567
1715087418.566692,1715087417.2101388,1715087417.211352,1715087417.2156723,1715087418.5770345
1715087418.5728657,1715087417.2235909,1715087417.2242818,1715087417.2292376,1715087418.5898585
1715087418.579285,1715087417.2235963,1715087417.2249033,1715087417.2292473,1715087418.5899246
1715087418.5858002,1715087417.2358646,1715087417.236529,1715087417.24146,1715087418.6020262
1715087418.592182,1715087417.2358692,1715087417.2371507,1715087417.2414699,1715087418.602092
1715087418.598445,1715087417.2478971,1715087417.2485225,1715087417.2534115,1715087418.61448
1715087418.6043491,1715087417.2479026,1715087417.249106,1715087417.253421,1715087418.6145759
1715087418.610618,1715087417.2617579,1715087417.2624953,1715087417.267549,1715087418.6289823
1715087418.6168082,1715087417.2617626,1715087417.2631674,1715087417.2675583,1715087418.6290677
1715087418.6243622,1715087417.2756855,1715087417.2764783,1715087417.2816322,1715087418.642065
1715087418.631299,1715087417.2756917,1715087417.2771838,1715087417.2816422,1715087418.6421404
1715087418.6381323,1715087417.2880383,1715087417.2887404,1715087417.293733,1715087418.6547592
1715087418.6443243,1715087417.288043,1715087417.2893832,1715087417.2937427,1715087418.6548934
1715087418.650803,1715087417.3037338,1715087417.3045819,1715087417.309887,1715087418.671588
1715087418.6582713,1715087417.3037398,1715087417.305328,1715087417.3098965,1715087418.6716878
1715087418.6662734,1715087417.3185585,1715087417.319419,1715087417.3247726,1715087418.6850305
1715087418.6739273,1715087417.3185644,1715087417.3202066,1715087417.3247826,1715087418.6858869
1715087418.6809196,1715087417.3310409,1715087417.3317711,1715087417.3367994,1715087418.697431
1715087418.6870596,1715087417.331047,1715087417.3324342,1715087417.336809,1715087418.69753
1715087418.6935022,1715087417.3443472,1715087417.3450952,1715087417.3501518,1715087418.715485
1715087418.6997848,1715087417.344352,1715087417.3457608,1715087417.350161,1715087418.7155547
1715087418.7062864,1715087417.3586767,1715087417.3594763,1715087417.3646617,1715087418.7285671
1715087418.7129817,1715087417.3586822,1715087417.3601959,1715087417.3646717,1715087418.7286332
1715087418.71977,1715087417.3715198,1715087417.3722649,1715087417.3772757,1715087418.7382617
1715087418.7262073,1715087417.3715265,1715087417.3729115,1715087417.377285,1715087418.7383676
1715087418.732867,1715087417.3865678,1715087417.3874388,1715087417.392739,1715087418.7550294
1715087418.7395403,1715087417.3865755,1715087417.388206,1715087417.3927484,1715087418.7551901
1715087418.7475445,1715087417.403048,1715087417.404003,1715087417.409551,1715087418.7713473
1715087418.7564127,1715087417.4030542,1715087417.4048512,1715087417.4095602,1715087418.7714872
1715087418.7651496,1715087417.4184234,1715087417.419395,1715087417.4249341,1715087418.7857094
1715087418.772759,1715087417.4184306,1715087417.4202566,1715087417.4249427,1715087418.785814
1715087418.7807684,1715087417.4326093,1715087417.4334805,1715087417.438853,1715087418.799783
1715087418.7880836,1715087417.4326155,1715087417.4342742,1715087417.4388626,1715087418.7999332
1715087418.7950573,1715087417.44754,1715087417.448457,1715087417.4538972,1715087418.8145835
1715087418.8022346,1715087417.4475472,1715087417.4492695,1715087417.4539073,1715087418.814695
1715087418.8100066,1715087417.4613416,1715087417.4621665,1715087417.4674082,1715087418.8280385
1715087418.8169749,1715087417.4613473,1715087417.4629068,1715087417.4674177,1715087418.8281083
1715087418.8236666,1715087417.4741242,1715087417.4748852,1715087417.4799902,1715087418.841441
1715087418.830341,1715087417.4741304,1715087417.475568,1715087417.4800003,1715087418.841509
1715087418.8366795,1715087417.4864807,1715087417.4871998,1715087417.4921763,1715087418.8528612
1715087418.842787,1715087417.486486,1715087417.487831,1715087417.4921854,1715087418.8529463
1715087418.848915,1715087417.4988902,1715087417.4995725,1715087417.5045087,1715087418.8659768
1715087418.8551934,1715087417.4988952,1715087417.5001981,1715087417.504518,1715087418.8660698
1715087418.8613381,1715087417.5130851,1715087417.5138526,1715087417.5190265,1715087418.8797526
1715087418.8682907,1715087417.5130904,1715087417.51457,1715087417.519036,1715087418.879857
1715087418.875474,1715087417.527973,1715087417.5288033,1715087417.534079,1715087418.8946693
1715087418.8830261,1715087417.5279784,1715087417.5295458,1715087417.5340893,1715087418.894749
1715087418.8903227,1715087417.5412676,1715087417.5420249,1715087417.5471478,1715087418.907695
1715087418.897001,1715087417.5412726,1715087417.5427208,1715087417.547157,1715087418.9077723
1715087418.9036999,1715087417.5539784,1715087417.5547163,1715087417.5597625,1715087418.920655
1715087418.9099498,1715087417.5539834,1715087417.5553856,1715087417.5597715,1715087418.920741
1715087418.9164498,1715087417.5667534,1715087417.5674667,1715087417.5724664,1715087418.9331503
1715087418.9230056,1715087417.5667586,1715087417.568113,1715087417.5724766,1715087418.9332187
1715087418.9291286,1715087417.5792398,1715087417.5799422,1715087417.5848925,1715087418.9457436
1715087418.9355214,1715087417.5792456,1715087417.5805686,1715087417.5849016,1715087418.9458158
1715087418.941754,1715087417.5920062,1715087417.5927043,1715087417.597664,1715087418.9585037
1715087418.9482067,1715087417.5920117,1715087417.593331,1715087417.5976732,1715087418.958571
1715087418.954403,1715087417.6058269,1715087417.6065972,1715087417.6117408,1715087418.9724407
1715087418.960781,1715087417.605832,1715087417.6073012,1715087417.611751,1715087418.9725058
1715087418.9669156,1715087417.6167052,1715087417.6173322,1715087417.6222208,1715087418.9829142
1715087418.9725444,1715087417.6167107,1715087417.6179,1715087417.6222312,1715087418.9829922
1715087418.978836,1715087417.6293695,1715087417.6300113,1715087417.6349337,1715087418.9955602
1715087418.985357,1715087417.6293743,1715087417.6306164,1715087417.6349432,1715087418.995627
1715087418.9918048,1715087417.6432695,1715087417.6440134,1715087417.6490977,1715087419.0098474
1715087418.998003,1715087417.6432748,1715087417.6446877,1715087417.649107,1715087419.0099125
1715087419.0041964,1715087417.653801,1715087417.6543946,1715087417.6592686,1715087419.0200195
1715087419.0099518,1715087417.653805,1715087417.6549606,1715087417.6592784,1715087419.02011
1715087419.0162861,1715087417.667604,1715087417.668282,1715087417.6732433,1715087419.033841
1715087419.0232525,1715087417.6676085,1715087417.6689115,1715087417.6732528,1715087419.0339096
1715087419.0299692,1715087417.680101,1715087417.680775,1715087417.6857176,1715087419.047319
1715087419.0362706,1715087417.6801054,1715087417.681394,1715087417.685727,1715087419.0473914
1715087419.0425646,1715087417.6924446,1715087417.6931224,1715087417.6980846,1715087419.0593896
1715087419.0485208,1715087417.6924496,1715087417.6937442,1715087417.6980946,1715087419.0594862
1715087419.0549288,1715087417.7104123,1715087417.7114012,1715087417.717031,1715087419.080666
1715087419.0617537,1715087417.7104192,1715087417.712272,1715087417.7170408,1715087419.0807765
1715087419.0687466,1715087417.7224941,1715087417.7232554,1715087417.7283206,1715087419.0889623
1715087419.0767035,1715087417.722499,1715087417.7239301,1715087417.7283306,1715087419.0890381
1715087419.0840154,1715087417.7341354,1715087417.7348075,1715087417.7397127,1715087419.1003792
1715087419.0902667,1715087417.7341402,1715087417.7354183,1715087417.7397223,1715087419.1005447
1715087419.0966094,1715087417.7476392,1715087417.7483635,1715087417.7533872,1715087419.11434
1715087419.1028612,1715087417.7476444,1715087417.749008,1715087417.7533967,1715087419.1144476
1715087419.1100693,1715087417.7606769,1715087417.7614079,1715087417.7664557,1715087419.1272466
1715087419.1166828,1715087417.7606816,1715087417.7620673,1715087417.7664652,1715087419.1273587
1715087419.1231213,1715087417.7737515,1715087417.7744827,1715087417.779474,1715087419.140904
1715087419.1295986,1715087417.7737563,1715087417.7751312,1715087417.7794836,1715087419.1410367
1715087419.1361372,1715087417.7894185,1715087417.7903266,1715087417.7957265,1715087419.1569815
1715087419.1442792,1715087417.7894256,1715087417.791127,1715087417.7957363,1715087419.157144
1715087419.1519203,1715087417.8055124,1715087417.8065166,1715087417.812132,1715087419.1736665
1715087419.1594794,1715087417.8055186,1715087417.8073947,1715087417.812141,1715087419.1737845
1715087419.1679995,1715087417.8209383,1715087417.8219643,1715087417.8275018,1715087419.1885507
1715087419.1760778,1715087417.8209445,1715087417.8228204,1715087417.8275113,1715087419.188675
1715087419.1834052,1715087417.8371193,1715087417.8381264,1715087417.8437262,1715087419.204431
1715087419.1910636,1715087417.8371253,1715087417.83901,1715087417.8437355,1715087419.2045524
1715087419.1994987,1715087417.8527987,1715087417.8537803,1715087417.8593905,1715087419.220048
1715087419.2078414,1715087417.8528054,1715087417.8546658,1715087417.859401,1715087419.2201207
1715087419.2152143,1715087417.866494,1715087417.8673706,1715087417.8726816,1715087419.2331955
1715087419.2223518,1715087417.866501,1715087417.8681457,1715087417.8726914,1715087419.2332664
1715087419.2288344,1715087417.8795705,1715087417.8803334,1715087417.885444,1715087419.246677
1715087419.2355187,1715087417.879576,1715087417.8810225,1715087417.885453,1715087419.2468069
1715087419.2419682,1715087417.8916137,1715087417.8922925,1715087417.8972292,1715087419.2579007
1715087419.2479405,1715087417.8916178,1715087417.8929062,1715087417.8972383,1715087419.2579749
1715087419.2539954,1715087417.904056,1715087417.9047318,1715087417.9096563,1715087419.2703218
1715087419.260228,1715087417.9040616,1715087417.905336,1715087417.909666,1715087419.2703965
1715087419.2664816,1715087417.9164832,1715087417.9171476,1715087417.922092,1715087419.2834878
1715087419.2726476,1715087417.9164875,1715087417.917766,1715087417.9221058,1715087419.2836308
1715087419.2790425,1715087417.932209,1715087417.9330657,1715087417.9384093,1715087419.2995448
1715087419.2868912,1715087417.9322145,1715087417.9338326,1715087417.938419,1715087419.299634
1715087419.2946408,1715087417.9466982,1715087417.947562,1715087417.9528494,1715087419.3137918
1715087419.3020082,1715087417.9467044,1715087417.9483182,1715087417.952859,1715087419.3139408
1715087419.3091335,1715087417.9622047,1715087417.9631429,1715087417.9686599,1715087419.3302288
1715087419.316203,1715087417.9622107,1715087417.9639733,1715087417.9686697,1715087419.33032
1715087419.3245595,1715087417.977111,1715087417.9780304,1715087417.9834974,1715087419.3454719
1715087419.3326356,1715087417.9771175,1715087417.9788609,1715087417.983507,1715087419.3456316
1715087419.3395236,1715087417.991408,1715087417.9922695,1715087417.997566,1715087419.3583856
1715087419.3457255,1715087417.9914145,1715087417.9930267,1715087417.9975755,1715087419.3584836
1715087419.3538492,1715087418.0048733,1715087418.0056546,1715087418.0108356,1715087419.371521
1715087419.3606322,1715087418.0048785,1715087418.0063777,1715087418.010846,1715087419.3715982
1715087419.3673663,1715087418.0179148,1715087418.018663,1715087418.0237331,1715087419.3846457
1715087419.3738332,1715087418.0179198,1715087418.0193408,1715087418.0237424,1715087419.3847406
1715087419.3801901,1715087418.0325062,1715087418.0333297,1715087418.0386117,1715087419.3992546
1715087419.387007,1715087418.0325117,1715087418.0340738,1715087418.038621,1715087419.3993268
1715087419.3937159,1715087418.0444217,1715087418.045103,1715087418.0500455,1715087419.4105392
1715087419.4005027,1715087418.0444264,1715087418.0457237,1715087418.050055,1715087419.4106064
1715087419.4069471,1715087418.056716,1715087418.0573642,1715087418.0622716,1715087419.422734
1715087419.4128065,1715087418.0567212,1715087418.057955,1715087418.0622814,1715087419.4228046
1715087419.4189403,1715087418.068677,1715087418.0693057,1715087418.0742059,1715087419.435019
1715087419.425065,1715087418.0686812,1715087418.0698802,1715087418.0742161,1715087419.4351094
1715087419.4312942,1715087418.083608,1715087418.0844078,1715087418.0896251,1715087419.4549897
1715087419.4373407,1715087418.0836136,1715087418.0851414,1715087418.089635,1715087419.4550784
1715087419.445454,1715087418.0961351,1715087418.096834,1715087418.1018379,1715087419.4625065
1715087419.4520445,1715087418.0961397,1715087418.0974817,1715087418.101848,1715087419.4625843
1715087419.458246,1715087418.1086519,1715087418.1093392,1715087418.1143181,1715087419.4747956
1715087419.4647777,1715087418.1086564,1715087418.1099684,1715087418.114328,1715087419.474993
1715087419.4709225,1715087418.1209738,1715087418.1216364,1715087418.1265895,1715087419.487242
1715087419.477122,1715087418.1209779,1715087418.1222606,1715087418.126599,1715087419.487328
1715087419.4833055,1715087418.1353803,1715087418.1362238,1715087418.1414852,1715087419.5043201
1715087419.4894834,1715087418.1353855,1715087418.136963,1715087418.1414948,1715087419.5043979
1715087419.4956558,1715087418.1459923,1715087418.1466227,1715087418.1515121,1715087419.5130334
1715087419.5018537,1715087418.1459966,1715087418.1472077,1715087418.1515217,1715087419.513112
1715087419.5076702,1715087418.1569345,1715087418.1575308,1715087418.1624188,1715087419.5230117
1715087419.5131705,1715087418.1569393,1715087418.1581054,1715087418.1624284,1715087419.5230792
1715087419.5194504,1715087418.1688628,1715087418.1694534,1715087418.1743448,1715087419.5351284
1715087419.525349,1715087418.168867,1715087418.1700175,1715087418.1743543,1715087419.535195
1715087419.531626,1715087418.1808298,1715087418.1814344,1715087418.1863122,1715087419.5470946
1715087419.5373673,1715087418.180834,1715087418.1820014,1715087418.1863217,1715087419.5471559
1715087419.5435905,1715087418.1927516,1715087418.193354,1715087418.1982393,1715087419.5587938
1715087419.5493193,1715087418.1927557,1715087418.193919,1715087418.1982486,1715087419.5588534
1715087419.55542,1715087418.2047424,1715087418.205347,1715087418.2102346,1715087419.570835
1715087419.561115,1715087418.2047465,1715087418.2059152,1715087418.2102444,1715087419.570983
1715087419.5673754,1715087418.2165642,1715087418.2171755,1715087418.2220588,1715087419.5825882
1715087419.5731127,1715087418.2165685,1715087418.2177458,1715087418.222068,1715087419.582656
1715087419.5792675,1715087418.228819,1715087418.2294486,1715087418.234355,1715087419.5959966
1715087419.5848918,1715087418.228823,1715087418.2300172,1715087418.2343645,1715087419.5960674
1715087419.5909739,1715087418.2406616,1715087418.2412856,1715087418.2461648,1715087419.6066473
1715087419.5972302,1715087418.2406666,1715087418.2418575,1715087418.2461739,1715087419.6067274
1715087419.6033375,1715087418.252447,1715087418.2530599,1715087418.2579746,1715087419.6185517
1715087419.6089864,1715087418.2524514,1715087418.253635,1715087418.2579842,1715087419.6186206
1715087419.6151593,1715087418.2642727,1715087418.2648926,1715087418.2697864,1715087419.6307428
1715087419.620869,1715087418.2642763,1715087418.265472,1715087418.269796,1715087419.6308167
1715087419.6270103,1715087418.2763727,1715087418.2769933,1715087418.281903,1715087419.6423676
1715087419.6329901,1715087418.2763767,1715087418.2775786,1715087418.2819123,1715087419.642476
1715087419.6391447,1715087418.28832,1715087418.288923,1715087418.2937982,1715087419.654706
1715087419.6447158,1715087418.288324,1715087418.28949,1715087418.2938075,1715087419.6547856
1715087419.6508195,1715087418.302055,1715087418.3027606,1715087418.307739,1715087419.668412
1715087419.6570494,1715087418.3020601,1715087418.3034089,1715087418.3077486,1715087419.668478
1715087419.6631558,1715087418.3137267,1715087418.314371,1715087418.3192742,1715087419.6798353
1715087419.6698565,1715087418.3137314,1715087418.314959,1715087418.3192832,1715087419.6799102
1715087419.6760595,1715087418.3256598,1715087418.326279,1715087418.3311708,1715087419.6917984
1715087419.6821415,1715087418.325664,1715087418.3268552,1715087418.33118,1715087419.6918697
1715087419.6883109,1715087418.3376195,1715087418.338254,1715087418.343143,1715087419.703989
1715087419.6941152,1715087418.337625,1715087418.3388426,1715087418.343152,1715087419.7042181
1715087419.700222,1715087418.3509629,1715087418.3516638,1715087418.3566418,1715087419.718181
1715087419.7064698,1715087418.3509686,1715087418.3523045,1715087418.3566515,1715087419.7182896
1715087419.7135234,1715087418.3665636,1715087418.367429,1715087418.3727357,1715087419.7334123
1715087419.7215316,1715087418.36657,1715087418.3682008,1715087418.3727453,1715087419.7335074
1715087419.728766,1715087418.380705,1715087418.3815608,1715087418.3868582,1715087419.7479582
1715087419.7358563,1715087418.380711,1715087418.3823297,1715087418.3868678,1715087419.748072
1715087419.743369,1715087418.3968167,1715087418.3977644,1715087418.403297,1715087419.7654288
1715087419.7513466,1715087418.3968236,1715087418.398622,1715087418.4033067,1715087419.7655332
1715087419.7593198,1715087418.4125955,1715087418.4135616,1715087418.4191222,1715087419.780047
1715087419.7678902,1715087418.4126022,1715087418.414422,1715087418.4191318,1715087419.7801397
1715087419.7750773,1715087418.4273858,1715087418.4282675,1715087418.4336472,1715087419.7964244
1715087419.7814806,1715087418.4273918,1715087418.4290664,1715087418.433657,1715087419.7965062
1715087419.7879138,1715087418.438213,1715087418.4388714,1715087418.4438128,1715087419.8052347
1715087419.7942207,1715087418.4382174,1715087418.4394956,1715087418.443823,1715087419.8053474
1715087419.8006682,1715087418.4532387,1715087418.4540546,1715087418.4593062,1715087419.820535
1715087419.8075879,1715087418.4532444,1715087418.454808,1715087418.4593163,1715087419.8206794
1715087419.815747,1715087418.469004,1715087418.4699461,1715087418.4754913,1715087419.8362558
1715087419.8239222,1715087418.4690106,1715087418.4708028,1715087418.4755008,1715087419.8363569
1715087419.8311327,1715087418.4833145,1715087418.4841902,1715087418.4895763,1715087419.8501945
1715087419.8385491,1715087418.4833217,1715087418.484974,1715087418.4895856,1715087419.850262
1715087419.8456225,1715087418.4962046,1715087418.496968,1715087418.5020862,1715087419.8630786
1715087419.8524997,1715087418.4962094,1715087418.4976587,1715087418.502096,1715087419.8631904
1715087419.858605,1715087418.5114813,1715087418.512354,1715087418.5177164,1715087419.8790598
1715087419.8655257,1715087418.511487,1715087418.5131369,1715087418.5177262,1715087419.8792713
1715087419.8733912,1715087418.5248852,1715087418.5256858,1715087418.5309153,1715087419.8916423
1715087419.8805592,1715087418.5248911,1715087418.5264258,1715087418.530925,1715087419.8917093
1715087419.8873227,1715087418.5377522,1715087418.538509,1715087418.5435781,1715087419.9041657
1715087419.8938398,1715087418.5377574,1715087418.5391872,1715087418.543588,1715087419.904233
1715087419.9001935,1715087418.5501711,1715087418.5508764,1715087418.5559623,1715087419.9165766
1715087419.906504,1715087418.5501761,1715087418.5515227,1715087418.5559719,1715087419.9166443
1715087419.9127252,1715087418.5625772,1715087418.563264,1715087418.5682125,1715087419.9302006
1715087419.9188914,1715087418.5625818,1715087418.5638776,1715087418.568223,1715087419.930271
1715087419.9250767,1715087418.5752254,1715087418.5758986,1715087418.5808494,1715087419.9415183
1715087419.931505,1715087418.57523,1715087418.5765142,1715087418.5808592,1715087419.9415922
1715087419.9377313,1715087418.5876174,1715087418.588314,1715087418.5932438,1715087419.9541988
1715087419.9438512,1715087418.5876224,1715087418.5889268,1715087418.5932531,1715087419.9543326
1715087419.949982,1715087418.6038058,1715087418.604674,1715087418.610027,1715087419.9709496
1715087419.9575984,1715087418.6038117,1715087418.6054482,1715087418.6100361,1715087419.9711323
1715087419.9661708,1715087418.6199045,1715087418.6208577,1715087418.6264372,1715087419.988303
1715087419.974449,1715087418.6199112,1715087418.621725,1715087418.6264465,1715087419.9884052
1715087419.982316,1715087418.6348774,1715087418.6357932,1715087418.6412675,1715087420.0019865
1715087419.9895575,1715087418.634884,1715087418.6366203,1715087418.641277,1715087420.0021002
1715087419.997423,1715087418.650723,1715087418.6517007,1715087418.657256,1715087420.0179298
1715087420.0053742,1715087418.65073,1715087418.652548,1715087418.6572652,1715087420.0180686
1715087420.0130286,1715087418.667323,1715087418.6683583,1715087418.6741314,1715087420.03477
1715087420.0213244,1715087418.66733,1715087418.669261,1715087418.6741414,1715087420.0348363
1715087420.0292923,1715087418.6797447,1715087418.680525,1715087418.685719,1715087420.0462146
1715087420.0360825,1715087418.6797519,1715087418.681228,1715087418.6857283,1715087420.0462875
1715087420.0421872,1715087418.6922357,1715087418.6929355,1715087418.6979394,1715087420.058645
1715087420.0484495,1715087418.692241,1715087418.6935756,1715087418.697949,1715087420.0587175
1715087420.054664,1715087418.7048256,1715087418.705509,1715087418.7105093,1715087420.071121
1715087420.0610616,1715087418.7048306,1715087418.7061322,1715087418.710519,1715087420.0711958
1715087420.067295,1715087418.7169144,1715087418.7175674,1715087418.7224898,1715087420.0836139
1715087420.073366,1715087418.716919,1715087418.7181747,1715087418.7224996,1715087420.0836823
1715087420.0795374,1715087418.7294295,1715087418.7300904,1715087418.7350297,1715087420.0959656
1715087420.0859246,1715087418.729434,1715087418.7307076,1715087418.7350392,1715087420.0960376
1715087420.0924568,1715087418.7417886,1715087418.742449,1715087418.747368,1715087420.1083934
1715087420.0983527,1715087418.7417934,1715087418.7430508,1715087418.7473779,1715087420.1084697
1715087420.104553,1715087418.754423,1715087418.755082,1715087418.7600029,1715087420.1203332
1715087420.1107402,1715087418.754427,1715087418.7556913,1715087418.7600124,1715087420.1205156
1715087420.116889,1715087418.7667515,1715087418.7674174,1715087418.7723248,1715087420.132885
1715087420.1226547,1715087418.7667565,1715087418.7680142,1715087418.7723339,1715087420.1329613
1715087420.1289148,1715087418.7788134,1715087418.7794778,1715087418.7843666,1715087420.1447387
1715087420.135095,1715087418.778819,1715087418.7800627,1715087418.7843761,1715087420.1453464
1715087420.141331,1715087418.7913253,1715087418.7919903,1715087418.796902,1715087420.1573565
1715087420.14759,1715087418.7913296,1715087418.7926,1715087418.7969115,1715087420.1574807
1715087420.153719,1715087418.8033655,1715087418.804003,1715087418.808891,1715087420.1692452
1715087420.1597133,1715087418.8033695,1715087418.8045907,1715087418.8089,1715087420.1696758
1715087420.1657605,1715087418.8159342,1715087418.8165994,1715087418.8215432,1715087420.1823776
1715087420.1719346,1715087418.8159392,1715087418.8172004,1715087418.8215518,1715087420.1824524
1715087420.178493,1715087418.8287973,1715087418.8294804,1715087418.8344524,1715087420.195898
1715087420.1846843,1715087418.8288019,1715087418.830121,1715087418.834462,1715087420.195968
1715087420.191162,1715087418.8409126,1715087418.8415549,1715087418.8464937,1715087420.2077646
1715087420.1971204,1715087418.8409176,1715087418.842151,1715087418.8465033,1715087420.207877
1715087420.2033885,1715087418.8558788,1715087418.8566804,1715087418.8618762,1715087420.2236397
1715087420.2101164,1715087418.8558846,1715087418.8573968,1715087418.8618863,1715087420.2237358
1715087420.2182136,1715087418.8723469,1715087418.8732905,1715087418.8788452,1715087420.2443044
1715087420.2259758,1715087418.8723536,1715087418.8741577,1715087418.8788545,1715087420.2444513
1715087420.2328696,1715087418.8863482,1715087418.887235,1715087418.8926084,1715087420.2538075
1715087420.2397418,1715087418.8863544,1715087418.888022,1715087418.8926177,1715087420.2539122
1715087420.247781,1715087418.903361,1715087418.9043934,1715087418.9100924,1715087420.2732859
1715087420.2562659,1715087418.9033678,1715087418.9052958,1715087418.9101057,1715087420.273365
1715087420.2635765,1715087418.9159336,1715087418.916695,1715087418.921832,1715087420.2854075
1715087420.2704551,1715087418.9159389,1715087418.917393,1715087418.9218414,1715087420.2855008
1715087420.2765765,1715087418.929266,1715087418.9300358,1715087418.935163,1715087420.298855
1715087420.2830226,1715087418.9292712,1715087418.9307356,1715087418.9351726,1715087420.2989676
1715087420.288716,1715087418.9440634,1715087418.9449031,1715087418.950193,1715087420.3137324
1715087420.295711,1715087418.9440694,1715087418.9456623,1715087418.9502025,1715087420.3138711
1715087420.3022022,1715087418.9553447,1715087418.956013,1715087418.960945,1715087420.3219945
1715087420.3099763,1715087418.955349,1715087418.9566267,1715087418.9609544,1715087420.3221235
1715087420.3171363,1715087418.9710186,1715087418.971858,1715087418.9771607,1715087420.3379529
1715087420.325334,1715087418.971024,1715087418.9726222,1715087418.9771702,1715087420.3380568
1715087420.3333728,1715087418.9869945,1715087418.9879491,1715087418.9934702,1715087420.3546834
1715087420.341426,1715087418.9870017,1715087418.9887934,1715087418.99348,1715087420.354805
1715087420.349382,1715087419.002775,1715087419.0037472,1715087419.0093787,1715087420.3698926
1715087420.3579817,1715087419.0027814,1715087419.0045993,1715087419.0093875,1715087420.3699915
1715087420.365213,1715087419.0164347,1715087419.017275,1715087419.0225902,1715087420.3831775
1715087420.3722482,1715087419.0164416,1715087419.0180247,1715087419.0226,1715087420.3832552
1715087420.3789184,1715087419.0295787,1715087419.030332,1715087419.0354133,1715087420.3996603
1715087420.385383,1715087419.029584,1715087419.0310204,1715087419.035423,1715087420.399732
1715087420.3915942,1715087419.0423646,1715087419.0431063,1715087419.0481415,1715087420.4087036
1715087420.397483,1715087419.0423696,1715087419.0437665,1715087419.048151,1715087420.4087708
1715087420.4038696,1715087419.053785,1715087419.0544307,1715087419.0593123,1715087420.4200883
1715087420.4100037,1715087419.0537894,1715087419.0550048,1715087419.0593219,1715087420.4201958
1715087420.416196,1715087419.0663207,1715087419.0669663,1715087419.0719616,1715087420.432531
1715087420.4224513,1715087419.066325,1715087419.0675697,1715087419.0719712,1715087420.4326053
1715087420.4286258,1715087419.0783212,1715087419.0789561,1715087419.083855,1715087420.444631
1715087420.4348533,1715087419.0783255,1715087419.0795481,1715087419.083865,1715087420.4447112
1715087420.4410655,1715087419.090497,1715087419.0911405,1715087419.096032,1715087420.457097
1715087420.4469538,1715087419.0905013,1715087419.0917296,1715087419.0960414,1715087420.4572265
1715087420.4531317,1715087419.1052167,1715087419.1060143,1715087419.1112437,1715087420.4718516
1715087420.4604635,1715087419.1052217,1715087419.106746,1715087419.111253,1715087420.4719226
1715087420.4678185,1715087419.1179123,1715087419.1186414,1715087419.1236744,1715087420.4845634
1715087420.474109,1715087419.1179175,1715087419.119304,1715087419.123684,1715087420.4847054
1715087420.480479,1715087419.1337993,1715087419.1347198,1715087419.1401517,1715087420.502438
1715087420.4879344,1715087419.1338058,1715087419.1355288,1715087419.1401615,1715087420.5025868
1715087420.4963236,1715087419.1506543,1715087419.1516895,1715087419.157388,1715087420.518186
1715087420.5048478,1715087419.150662,1715087419.1526003,1715087419.1573975,1715087420.5182714
1715087420.5125225,1715087419.163668,1715087419.1644547,1715087419.169614,1715087420.5302405
1715087420.5195177,1715087419.1636736,1715087419.1651602,1715087419.169624,1715087420.530306
1715087420.5261784,1715087419.1762826,1715087419.177008,1715087419.1820347,1715087420.5431447
1715087420.5325136,1715087419.1762884,1715087419.1776626,1715087419.1820438,1715087420.543213
1715087420.5390136,1715087419.1889431,1715087419.1896372,1715087419.1946292,1715087420.5552533
1715087420.545435,1715087419.188948,1715087419.1902843,1715087419.1946385,1715087420.555323
1715087420.5516908,1715087419.2011263,1715087419.2018003,1715087419.2067578,1715087420.56756
1715087420.5575888,1715087419.2011316,1715087419.202422,1715087419.2067666,1715087420.5677605
1715087420.563779,1715087419.215247,1715087419.2159917,1715087419.221095,1715087420.5821152
1715087420.5700042,1715087419.2152524,1715087419.2166803,1715087419.2211053,1715087420.582239
1715087420.5777578,1715087419.2305536,1715087419.2314277,1715087419.236768,1715087420.5982873
1715087420.5854862,1715087419.2305598,1715087419.2322044,1715087419.2367775,1715087420.5984352
1715087420.593096,1715087419.2476125,1715087419.2486393,1715087419.2543173,1715087420.615175
1715087420.6007485,1715087419.2476196,1715087419.249537,1715087419.2543268,1715087420.6153038
1715087420.609478,1715087419.2622645,1715087419.2632153,1715087419.2687378,1715087420.6294606
1715087420.6175199,1715087419.2622707,1715087419.2640684,1715087419.2687473,1715087420.6295402
1715087420.6249115,1715087419.2756407,1715087419.2764628,1715087419.2816803,1715087420.6422184
1715087420.6317892,1715087419.2756467,1715087419.2771914,1715087419.2816904,1715087420.6422882
1715087420.6383588,1715087419.2880428,1715087419.2887511,1715087419.2937734,1715087420.6544511
1715087420.64452,1715087419.288048,1715087419.2894065,1715087419.2937832,1715087420.654528
1715087420.6506248,1715087419.3003356,1715087419.301024,1715087419.3059876,1715087420.6666377
1715087420.656716,1715087419.300341,1715087419.3016493,1715087419.3059976,1715087420.6667259
1715087420.6629193,1715087419.3140109,1715087419.3147454,1715087419.319814,1715087420.6803706
1715087420.6699543,1715087419.3140156,1715087419.3154225,1715087419.319824,1715087420.6804457
1715087420.6766815,1715087419.3263426,1715087419.327016,1715087419.3319542,1715087420.692605
1715087420.6826952,1715087419.3263476,1715087419.3276308,1715087419.331964,1715087420.6926794
1715087420.6890788,1715087419.3383996,1715087419.3390467,1715087419.3439398,1715087420.70594
1715087420.6949365,1715087419.3384047,1715087419.3396366,1715087419.3439493,1715087420.7060173
1715087420.7011564,1715087419.3512661,1715087419.3519084,1715087419.356798,1715087420.7177336
1715087420.7072158,1715087419.3512704,1715087419.3524933,1715087419.3568075,1715087420.7178092
1715087420.713416,1715087419.363608,1715087419.3642612,1715087419.369173,1715087420.7304022
1715087420.7189622,1715087419.3636124,1715087419.3648586,1715087419.369182,1715087420.7305357
1715087420.7251797,1715087419.3777695,1715087419.378556,1715087419.3836796,1715087420.7448843
1715087420.7327251,1715087419.377775,1715087419.3792496,1715087419.3836894,1715087420.7449567
1715087420.7405329,1715087419.3912385,1715087419.3919814,1715087419.3970761,1715087420.7586308
1715087420.7471457,1715087419.3912435,1715087419.3926659,1715087419.397085,1715087420.7587802
1715087420.7540486,1715087419.4077027,1715087419.4086323,1715087419.4140933,1715087420.7749708
1715087420.7620125,1715087419.4077086,1715087419.4094496,1715087419.4141054,1715087420.7751071
1715087420.7701554,1715087419.4244752,1715087419.4255202,1715087419.4312503,1715087420.7923493
1715087420.7784364,1715087419.4244823,1715087419.4264386,1715087419.4312594,1715087420.7925215
1715087420.7862,1715087419.4391837,1715087419.4401124,1715087419.445596,1715087420.806558
1715087420.793828,1715087419.4391906,1715087419.4409552,1715087419.4456048,1715087420.806711
1715087420.8017771,1715087419.4563937,1715087419.457458,1715087419.4632277,1715087420.8253415
1715087420.809941,1715087419.4564018,1715087419.458399,1715087419.463237,1715087420.8256538
1715087420.8187883,1715087419.4699268,1715087419.4708,1715087419.4761863,1715087420.8368473
1715087420.8257315,1715087419.4699328,1715087419.471579,1715087419.4761963,1715087420.836918
1715087420.8325777,1715087419.482709,1715087419.483475,1715087419.4885817,1715087420.849223
1715087420.8390477,1715087419.4827142,1715087419.4841669,1715087419.4885912,1715087420.8492942
1715087420.8452718,1715087419.4952533,1715087419.4959533,1715087419.500931,1715087420.8613315
1715087420.8515322,1715087419.4952579,1715087419.496589,1715087419.5009408,1715087420.86141
1715087420.8577285,1715087419.50713,1715087419.5077736,1715087419.5126796,1715087420.8733785
1715087420.863654,1715087419.507134,1715087419.5083728,1715087419.5126896,1715087420.873468
1715087420.8698142,1715087419.5206323,1715087419.521362,1715087419.5264075,1715087420.8870919
1715087420.8756976,1715087419.5206375,1715087419.522017,1715087419.5264165,1715087420.8871782
1715087420.883241,1715087419.534621,1715087419.535394,1715087419.5405133,1715087420.9016323
1715087420.8904035,1715087419.534626,1715087419.536082,1715087419.5405262,1715087420.9017313
1715087420.8970535,1715087419.548433,1715087419.549252,1715087419.5544415,1715087420.915997
1715087420.9039788,1715087419.5484385,1715087419.5499642,1715087419.5544512,1715087420.91613
1715087420.9110587,1715087419.5649562,1715087419.565907,1715087419.571477,1715087420.9324908
1715087420.9193392,1715087419.5649626,1715087419.5667624,1715087419.5714862,1715087420.932667
1715087420.927448,1715087419.5830665,1715087419.584217,1715087419.59046,1715087420.9542797
1715087420.9359572,1715087419.5830746,1715087419.5852244,1715087419.5904696,1715087420.9543545
1715087420.945419,1715087419.595818,1715087419.5966318,1715087419.60186,1715087420.9623263
1715087420.9516346,1715087419.5958235,1715087419.597349,1715087419.6018693,1715087420.962396
1715087420.9584882,1715087419.6081727,1715087419.60889,1715087419.613888,1715087420.9742928
1715087420.964527,1715087419.6081774,1715087419.6095307,1715087419.6138966,1715087420.9748187
1715087420.9706805,1715087419.6207867,1715087419.6214788,1715087419.6264386,1715087420.9872336
1715087420.9770792,1715087419.6207922,1715087419.622105,1715087419.6264472,1715087420.987304
1715087420.9832418,1715087419.6329515,1715087419.6336317,1715087419.6386142,1715087420.9992182
1715087420.9894764,1715087419.6329563,1715087419.6342704,1715087419.6386232,1715087420.9992878
1715087420.9956803,1715087419.64522,1715087419.645874,1715087419.6508167,1715087421.0135646
1715087421.0016663,1715087419.6452243,1715087419.6464841,1715087419.6508255,1715087421.0136466
1715087421.0079408,1715087419.6574502,1715087419.6581292,1715087419.663063,1715087421.0237544
1715087421.0136926,1715087419.6574557,1715087419.6587422,1715087419.6630726,1715087421.0238194
1715087421.0198784,1715087419.6708999,1715087419.6716275,1715087419.6766698,1715087421.0372815
1715087421.0261965,1715087419.6709049,1715087419.6722903,1715087419.6766794,1715087421.0373452
1715087421.0326967,1715087419.6824512,1715087419.683132,1715087419.6880226,1715087421.0530221
1715087421.0386746,1715087419.682456,1715087419.6837254,1715087419.6880317,1715087421.0531025
1715087421.0450144,1715087419.6945512,1715087419.6951838,1715087419.7000678,1715087421.0609286
1715087421.0506258,1715087419.694556,1715087419.695766,1715087419.7000766,1715087421.0609958
1715087421.0573337,1715087419.7066674,1715087419.7073088,1715087419.7122142,1715087421.0728047
1715087421.0631201,1715087419.706672,1715087419.7078907,1715087419.7122242,1715087421.0728884
1715087421.069317,1715087419.7193172,1715087419.7199662,1715087419.7248826,1715087421.0862973
1715087421.0752661,1715087419.7193222,1715087419.7205698,1715087419.7248917,1715087421.0864155
1715087421.0815706,1715087419.7353458,1715087419.736202,1715087419.74157,1715087421.1024601
1715087421.088675,1715087419.735352,1715087419.7369876,1715087419.7415795,1715087421.1025393
1715087421.0972145,1715087419.7499182,1715087419.7507973,1715087419.756203,1715087421.1178124
1715087421.103718,1715087419.7499242,1715087419.7516024,1715087419.756212,1715087421.1179702
1715087421.1106257,1715087419.7668772,1715087419.7679105,1715087419.773696,1715087421.1345682
1715087421.1191747,1715087419.7668843,1715087419.768839,1715087419.7737062,1715087421.1347046
1715087421.1269197,1715087419.7804105,1715087419.7812703,1715087419.786612,1715087421.1477084
1715087421.1348038,1715087419.7804165,1715087419.7820463,1715087419.7866209,1715087421.1478477
1715087421.1429608,1715087419.7962666,1715087419.7972229,1715087419.8027544,1715087421.1632817
1715087421.1510983,1715087419.796273,1715087419.7980745,1715087419.8027637,1715087421.1633623
1715087421.1586862,1715087419.8081822,1715087419.8089051,1715087419.8139443,1715087421.1745615
1715087421.1644998,1715087419.8081875,1715087419.8095665,1715087419.8139532,1715087421.174639
1715087421.1708004,1715087419.8207984,1715087419.8215103,1715087419.8264863,1715087421.1870043
1715087421.1768699,1715087419.8208032,1715087419.8221421,1715087419.8264956,1715087421.1870797
1715087421.1830018,1715087419.8330762,1715087419.8337574,1715087419.8386867,1715087421.1999187
1715087421.189334,1715087419.8330815,1715087419.834384,1715087419.838696,1715087421.2000275
1715087421.195721,1715087419.8479714,1715087419.8487742,1715087419.8539956,1715087421.215357
1715087421.2022805,1715087419.8479764,1715087419.8495076,1715087419.854005,1715087421.2154644
1715087421.2104118,1715087419.8618288,1715087419.862638,1715087419.8678377,1715087421.2287564
1715087421.2177072,1715087419.8618348,1715087419.863362,1715087419.8678472,1715087421.2289007
1715087421.224543,1715087419.876933,1715087419.8778229,1715087419.8832393,1715087421.2438095
1715087421.232202,1715087419.8769395,1715087419.8786361,1715087419.883249,1715087421.2438889
1715087421.2395494,1715087419.890486,1715087419.8912873,1715087419.8964734,1715087421.257741
1715087421.246187,1715087419.890492,1715087419.8920074,1715087419.8964822,1715087421.2578351
1715087421.2529168,1715087419.9043236,1715087419.9051158,1715087419.9103072,1715087421.2708426
1715087421.2600372,1715087419.904329,1715087419.9058287,1715087419.9103165,1715087421.2709148
1715087421.2669494,1715087419.9168751,1715087419.9175882,1715087419.9226155,1715087421.2832966
1715087421.2730474,1715087419.9168804,1715087419.918245,1715087419.9226246,1715087421.2833698
1715087421.2795894,1715087419.9292161,1715087419.9298882,1715087419.9348276,1715087421.2955384
1715087421.285619,1715087419.929221,1715087419.9305108,1715087419.9348373,1715087421.2956088
1715087421.2918737,1715087419.9418437,1715087419.9425192,1715087419.9474673,1715087421.308192
1715087421.2979941,1715087419.9418483,1715087419.9431348,1715087419.947476,1715087421.3082592
1715087421.3042424,1715087419.9538977,1715087419.9545417,1715087419.9594352,1715087421.3200295
1715087421.3104932,1715087419.953902,1715087419.95513,1715087419.9594448,1715087421.3200986
1715087421.316666,1715087419.9669347,1715087419.9675972,1715087419.9725215,1715087421.3332064
1715087421.3223426,1715087419.9669394,1715087419.9682074,1715087419.9725301,1715087421.3332818
1715087421.3286333,1715087419.9786782,1715087419.9793055,1715087419.9841778,1715087421.3448188
1715087421.334538,1715087419.978683,1715087419.979878,1715087419.9841876,1715087421.3448896
1715087421.340643,1715087419.9896438,1715087419.9902532,1715087419.9951344,1715087421.3573794
1715087421.346073,1715087419.9896486,1715087419.9908166,1715087419.9951434,1715087421.3574526
1715087421.3523288,1715087420.0020745,1715087420.0027053,1715087420.0075877,1715087421.368416
1715087421.3586106,1715087420.0020788,1715087420.0032873,1715087420.007597,1715087421.3684947
1715087421.3648818,1715087420.0141225,1715087420.014738,1715087420.019615,1715087421.3801043
1715087421.3707325,1715087420.0141268,1715087420.0153208,1715087420.0196242,1715087421.38019
1715087421.3768125,1715087420.0258565,1715087420.0264761,1715087420.031341,1715087421.3918242
1715087421.3824434,1715087420.0258613,1715087420.0270407,1715087420.0313513,1715087421.3919013
1715087421.388591,1715087420.0375965,1715087420.0382123,1715087420.043104,1715087421.4036772
1715087421.3941448,1715087420.0376008,1715087420.0387871,1715087420.0431128,1715087421.4037552
1715087421.4003935,1715087420.049568,1715087420.0501776,1715087420.0550623,1715087421.4157166
1715087421.4059427,1715087420.0495725,1715087420.050746,1715087420.0550723,1715087421.4157894
1715087421.4121923,1715087420.066087,1715087420.066999,1715087420.07244,1715087421.4330032
1715087421.4180405,1715087420.066093,1715087420.067818,1715087420.072449,1715087421.433096
1715087421.4242108,1715087420.0741057,1715087420.074695,1715087420.0795326,1715087421.4402716
1715087421.430452,1715087420.0741112,1715087420.0752559,1715087420.0795426,1715087421.4403448
1715087421.4363396,1715087420.0859885,1715087420.0865867,1715087420.091445,1715087421.4519603
1715087421.4425955,1715087420.085993,1715087420.0871496,1715087420.0914543,1715087421.4520304
1715087421.4487188,1715087420.0975916,1715087420.0981898,1715087420.1030738,1715087421.463747
1715087421.454154,1715087420.0975957,1715087420.098758,1715087420.1030834,1715087421.4638324
1715087421.4602659,1715087420.1110826,1715087420.1117582,1715087420.116685,1715087421.4777303
1715087421.4660628,1715087420.111087,1715087420.1123776,1715087420.1166937,1715087421.4778664
1715087421.4735963,1715087420.1267512,1715087420.127592,1715087420.1329036,1715087421.4941087
1715087421.4811182,1715087420.1267571,1715087420.1283634,1715087420.1329129,1715087421.494252
1715087421.4889207,1715087420.1413789,1715087420.1422732,1715087420.1476498,1715087421.5087042
1715087421.4966195,1715087420.1413865,1715087420.1430697,1715087420.1476586,1715087421.5088558
1715087421.5042636,1715087420.1585739,1715087420.159651,1715087420.1654785,1715087421.5262094
1715087421.5122547,1715087420.1585815,1715087420.160578,1715087420.1654892,1715087421.526308
1715087421.520994,1715087420.1720705,1715087420.1729228,1715087420.1782448,1715087421.539039
1715087421.5274885,1715087420.1720774,1715087420.1736903,1715087420.178254,1715087421.5391238
1715087421.5337138,1715087420.184424,1715087420.1851602,1715087420.1902218,1715087421.5508525
1715087421.5403883,1715087420.1844294,1715087420.1858218,1715087420.1902316,1715087421.551051
1715087421.546675,1715087420.195784,1715087420.1964262,1715087420.201319,1715087421.5629365
1715087421.5522923,1715087420.1957896,1715087420.1970077,1715087420.201328,1715087421.5630128
1715087421.5584116,1715087420.2075968,1715087420.2082005,1715087420.2130933,1715087421.573815
1715087421.5641975,1715087420.2076013,1715087420.208774,1715087420.2131028,1715087421.5739198
1715087421.5703304,1715087420.2195587,1715087420.2201593,1715087420.225044,1715087421.5860727
1715087421.5760856,1715087420.219563,1715087420.220731,1715087420.2250528,1715087421.586175
1715087421.5822425,1715087420.2319083,1715087420.232567,1715087420.2374678,1715087421.5981276
1715087421.5884218,1715087420.2319129,1715087420.2331445,1715087420.2374773,1715087421.5981982
1715087421.5945704,1715087420.2439046,1715087420.2445152,1715087420.249397,1715087421.609928
1715087421.6004803,1715087420.243909,1715087420.245085,1715087420.249406,1715087421.6099892
1715087421.6065853,1715087420.2571814,1715087420.2578793,1715087420.2628992,1715087421.6236095
1715087421.6122634,1715087420.2571864,1715087420.2585359,1715087420.2629087,1715087421.6236806
1715087421.6184952,1715087420.2706223,1715087420.2713788,1715087420.276459,1715087421.6391838
1715087421.624924,1715087420.2706275,1715087420.2720544,1715087420.276468,1715087421.6392586
1715087421.631047,1715087420.2807496,1715087420.28134,1715087420.2862234,1715087421.6472816
1715087421.637046,1715087420.2807539,1715087420.2819006,1715087420.2862332,1715087421.6473744
1715087421.6434467,1715087420.2939143,1715087420.2945862,1715087420.2995203,1715087421.6605403
1715087421.6496606,1715087420.2939186,1715087420.2951987,1715087420.299529,1715087421.6606112
1715087421.656656,1715087420.3066125,1715087420.3072782,1715087420.3121965,1715087421.6728046
1715087421.6628866,1715087420.3066175,1715087420.3078797,1715087420.3122063,1715087421.6729383
1715087421.6692715,1715087420.3187244,1715087420.3193743,1715087420.3242936,1715087421.685044
1715087421.6751935,1715087420.3187287,1715087420.3199565,1715087420.324303,1715087421.685118
1715087421.681415,1715087420.3307145,1715087420.3313491,1715087420.33624,1715087421.6970265
1715087421.687271,1715087420.330719,1715087420.3319392,1715087420.3362503,1715087421.6970987
1715087421.6933556,1715087420.3428066,1715087420.343443,1715087420.348338,1715087421.7090673
1715087421.6993492,1715087420.3428113,1715087420.3440247,1715087420.3483472,1715087421.7091346
1715087421.7055686,1715087420.354957,1715087420.3555923,1715087420.3604784,1715087421.7210827
1715087421.7115169,1715087420.3549616,1715087420.356173,1715087420.3604882,1715087421.7211506
1715087421.7176142,1715087420.3666923,1715087420.3673058,1715087420.372176,1715087421.7329228
1715087421.7232678,1715087420.3666964,1715087420.3678768,1715087420.372185,1715087421.7329931
1715087421.7293875,1715087420.3793385,1715087420.3799891,1715087420.3848836,1715087421.747396
1715087421.7352593,1715087420.3793428,1715087420.3805878,1715087420.3848934,1715087421.74755
1715087421.7414,1715087420.394374,1715087420.3951888,1715087420.400423,1715087421.7616947
1715087421.7489457,1715087420.3943796,1715087420.395918,1715087420.400432,1715087421.7617936
1715087421.7569542,1715087420.4079466,1715087420.408727,1715087420.4138591,1715087421.7746422
1715087421.764055,1715087420.4079516,1715087420.4094203,1715087420.4138691,1715087421.774763
1715087421.7705216,1715087420.4226565,1715087420.4234824,1715087420.4287195,1715087421.7893567
1715087421.7780206,1715087420.4226623,1715087420.4242215,1715087420.428728,1715087421.7894256
1715087421.7852929,1715087420.4363492,1715087420.4371436,1715087420.442368,1715087421.803047
1715087421.7917194,1715087420.4363549,1715087420.4378662,1715087420.442378,1715087421.803118
1715087421.7982864,1715087420.4477992,1715087420.448451,1715087420.4533515,1715087421.8142722
1715087421.804353,1715087420.447804,1715087420.4490457,1715087420.4533603,1715087421.814341
1715087421.81045,1715087420.4615302,1715087420.4623122,1715087420.4674208,1715087421.8281484
1715087421.8165734,1715087420.4615355,1715087420.4629977,1715087420.4674306,1715087421.8282213
1715087421.822779,1715087420.4753237,1715087420.4760935,1715087420.481226,1715087421.8446019
1715087421.8282728,1715087420.4753284,1715087420.476792,1715087420.481235,1715087421.8446915
1715087421.834536,1715087420.486699,1715087420.487355,1715087420.492264,1715087421.8529334
1715087421.8415546,1715087420.4867036,1715087420.487956,1715087420.4922733,1715087421.853007
1715087421.8479326,1715087420.498012,1715087420.498622,1715087420.5034988,1715087421.8642507
1715087421.8541434,1715087420.4980166,1715087420.4991887,1715087420.5035076,1715087421.8643336
1715087421.860346,1715087420.510348,1715087420.510984,1715087420.515869,1715087421.8767
1715087421.8666055,1715087420.5103524,1715087420.5115688,1715087420.5158777,1715087421.876772
1715087421.872834,1715087420.5224864,1715087420.5231342,1715087420.528022,1715087421.8887966
1715087421.8790298,1715087420.5224924,1715087420.523713,1715087420.5280316,1715087421.8888655
1715087421.885152,1715087420.5346289,1715087420.535258,1715087420.5401423,1715087421.9008622
1715087421.8911524,1715087420.5346332,1715087420.5358407,1715087420.5401518,1715087421.9009316
1715087421.8972776,1715087420.5465195,1715087420.5471427,1715087420.5520332,1715087421.913223
1715087421.903042,1715087420.546525,1715087420.5477197,1715087420.552042,1715087421.9132905
1715087421.9091837,1715087420.5594068,1715087420.5600705,1715087420.5649946,1715087421.926709
1715087421.9155412,1715087420.5594118,1715087420.560682,1715087420.5650043,1715087421.9268277
1715087421.9220312,1715087420.5784502,1715087420.579526,1715087420.5854132,1715087421.946895
1715087421.9300194,1715087420.5784576,1715087420.580467,1715087420.5854225,1715087421.9469724
1715087421.937112,1715087420.5880933,1715087420.5886943,1715087420.5935702,1715087421.9544113
1715087421.944004,1715087420.588098,1715087420.5892596,1715087420.5935798,1715087421.9545217
1715087421.9501166,1715087420.6020758,1715087420.602841,1715087420.607947,1715087421.9691644
1715087421.9568148,1715087420.602081,1715087420.6035278,1715087420.6079557,1715087421.9692721
1715087421.9648635,1715087420.6173332,1715087420.6181972,1715087420.6235244,1715087421.9842074
1715087421.9725406,1715087420.6173394,1715087420.6189654,1715087420.6235337,1715087421.9842765
1715087421.9799037,1715087420.6301384,1715087420.6308959,1715087420.6360164,1715087421.996847
1715087421.986511,1715087420.6301434,1715087420.6315897,1715087420.6360252,1715087421.9969144
1715087421.992845,1715087420.6429446,1715087420.6436708,1715087420.6487055,1715087422.00929
1715087421.9992945,1715087420.6429496,1715087420.644325,1715087420.6487145,1715087422.0093637
1715087422.005582,1715087420.655147,1715087420.65582,1715087420.660761,1715087422.0216017
1715087422.0116167,1715087420.6551518,1715087420.6564379,1715087420.6607704,1715087422.0216691
1715087422.0177627,1715087420.6674023,1715087420.6680596,1715087420.6729643,1715087422.0337853
1715087422.0237942,1715087420.6674066,1715087420.6686559,1715087420.6729743,1715087422.033863
1715087422.030011,1715087420.6807013,1715087420.6814268,1715087420.6864114,1715087422.0483143
1715087422.036148,1715087420.680706,1715087420.6820605,1715087420.6864204,1715087422.048432
1715087422.0429976,1715087420.695291,1715087420.696074,1715087420.7012503,1715087422.0618174
1715087422.0506754,1715087420.6952965,1715087420.6967895,1715087420.7012603,1715087422.061892
1715087422.057785,1715087420.7080855,1715087420.7088275,1715087420.7139227,1715087422.0753617
1715087422.0641162,1715087420.7080903,1715087420.7095013,1715087420.713932,1715087422.0754867
1715087422.070841,1715087420.723803,1715087420.7246633,1715087420.7300215,1715087422.0909076
1715087422.0787375,1715087420.723811,1715087420.725435,1715087420.730031,1715087422.091012
1715087422.086267,1715087420.7370043,1715087420.737788,1715087420.7430208,1715087422.1035907
1715087422.0931418,1715087420.7370098,1715087420.7385054,1715087420.7430298,1715087422.103662
1715087422.0995798,1715087420.749505,1715087420.7502224,1715087420.7552793,1715087422.1159713
1715087422.1059115,1715087420.7495098,1715087420.7508793,1715087420.7552888,1715087422.1160433
1715087422.112259,1715087420.761765,1715087420.762455,1715087420.7674038,1715087422.1283622
1715087422.1182995,1715087420.7617705,1715087420.7630758,1715087420.767413,1715087422.1284301
1715087422.1244268,1715087420.7749438,1715087420.7756417,1715087420.7806056,1715087422.1416876
1715087422.1307578,1715087420.7749486,1715087420.7762778,1715087420.7806141,1715087422.141765
1715087422.1368914,1715087420.787193,1715087420.7878394,1715087420.7927487,1715087422.153337
1715087422.1428902,1715087420.7871988,1715087420.7884376,1715087420.792758,1715087422.1534064
1715087422.1490035,1715087420.7984846,1715087420.7990968,1715087420.8039756,1715087422.1651025
1715087422.1546614,1715087420.798489,1715087420.7996693,1715087420.803985,1715087422.1652076
1715087422.1610181,1715087420.8138766,1715087420.8146744,1715087420.819876,1715087422.1808307
1715087422.167447,1715087420.8138833,1715087420.8153968,1715087420.819885,1715087422.180931
1715087422.1756897,1715087420.8272386,1715087420.8279908,1715087420.8330941,1715087422.1941314
1715087422.1830707,1715087420.8272436,1715087420.8286822,1715087420.8331037,1715087422.1942885
1715087422.1899257,1715087420.841929,1715087420.842812,1715087420.8481228,1715087422.2092834
1715087422.1965737,1715087420.841935,1715087420.8435957,1715087420.8481324,1715087422.209363
1715087422.2046275,1715087420.8558154,1715087420.8566437,1715087420.8618798,1715087422.2227664
1715087422.211623,1715087420.8558216,1715087420.8573847,1715087420.861889,1715087422.2228427
1715087422.2185602,1715087420.8712451,1715087420.8721538,1715087420.8775883,1715087422.2403815
1715087422.2252066,1715087420.8712509,1715087420.872964,1715087420.877597,1715087422.240453
1715087422.2316608,1715087420.8847797,1715087420.8856108,1715087420.8908708,1715087422.2546864
1715087422.238286,1715087420.8847866,1715087420.886357,1715087420.89088,1715087422.254814
1715087422.2446728,1715087420.896503,1715087420.897184,1715087420.9021492,1715087422.2635105
1715087422.2511094,1715087420.8965077,1715087420.897801,1715087420.9021583,1715087422.2636082
1715087422.258121,1715087420.9107037,1715087420.911484,1715087420.9166174,1715087422.2779105
1715087422.2658472,1715087420.910709,1715087420.9121788,1715087420.9166267,1715087422.2780316
1715087422.2734246,1715087420.9265947,1715087420.9274962,1715087420.9328938,1715087422.2936437
1715087422.2813213,1715087420.9266012,1715087420.9282975,1715087420.9329028,1715087422.293744
1715087422.2890964,1715087420.940334,1715087420.9411511,1715087420.9464197,1715087422.3071685
1715087422.2961326,1715087420.9403396,1715087420.941891,1715087420.9464288,1715087422.3072348
1715087422.3029675,1715087420.9532695,1715087420.9540172,1715087420.9591243,1715087422.320543
1715087422.3095558,1715087420.9532747,1715087420.9547095,1715087420.9591336,1715087422.320633
1715087422.315945,1715087420.9668314,1715087420.9675949,1715087420.97266,1715087422.3337271
1715087422.322847,1715087420.9668365,1715087420.9682724,1715087420.9726696,1715087422.333801
1715087422.329462,1715087420.9796836,1715087420.9803898,1715087420.985352,1715087422.3466544
1715087422.3360531,1715087420.9796891,1715087420.9810138,1715087420.9853613,1715087422.3467546
1715087422.3424273,1715087420.9924479,1715087420.993138,1715087420.9981055,1715087422.3586657
1715087422.349012,1715087420.9924521,1715087420.9937613,1715087420.998116,1715087422.358728
1715087422.3552291,1715087421.0044103,1715087421.0050611,1715087421.0099769,1715087422.3709524
1715087422.3608558,1715087421.0044155,1715087421.0056531,1715087421.0099864,1715087422.3710191
1715087422.3670676,1715087421.01658,1715087421.0172224,1715087421.0221305,1715087422.3828392
1715087422.3731482,1715087421.0165844,1715087421.0178163,1715087421.0221403,1715087422.382912
1715087422.3792648,1715087421.0288079,1715087421.029452,1715087421.0343437,1715087422.3948958
1715087422.3852882,1715087421.0288126,1715087421.0300312,1715087421.0343528,1715087422.3949747
1715087422.3913732,1715087421.0406716,1715087421.0413237,1715087421.0462265,1715087422.4067945
1715087422.3972287,1715087421.0406768,1715087421.0418956,1715087421.0462358,1715087422.406864
1715087422.4033551,1715087421.0524642,1715087421.0530777,1715087421.057963,1715087422.4186952
1715087422.4091065,1715087421.0524685,1715087421.0536494,1715087421.057973,1715087422.4187646
1715087422.4152107,1715087421.0644705,1715087421.0651,1715087421.0700018,1715087422.4308174
1715087422.4211414,1715087421.0644748,1715087421.0656815,1715087421.070011,1715087422.4308968
1715087422.427198,1715087421.0763388,1715087421.0769644,1715087421.0818627,1715087422.4432302
1715087422.4329786,1715087421.076343,1715087421.077545,1715087421.081872,1715087422.4433002
1715087422.4391096,1715087421.089848,1715087421.0905385,1715087421.0954945,1715087422.4568946
1715087422.4456842,1715087421.0898526,1715087421.0911682,1715087421.0955033,1715087422.4569645
1715087422.45219,1715087421.1015966,1715087421.1022615,1715087421.1071668,1715087422.4679677
1715087422.458098,1715087421.1016016,1715087421.1028483,1715087421.1071768,1715087422.4680393
1715087422.4643283,1715087421.1137867,1715087421.1144447,1715087421.1193442,1715087422.4800596
1715087422.4704235,1715087421.113791,1715087421.1150405,1715087421.119353,1715087422.480174
1715087422.4765267,1715087421.1257951,1715087421.1264417,1715087421.1313224,1715087422.492868
1715087422.4824088,1715087421.1257994,1715087421.1270208,1715087421.131332,1715087422.4929612
1715087422.4884949,1715087421.1377625,1715087421.1383948,1715087421.1433225,1715087422.5038986
1715087422.4942172,1715087421.1377666,1715087421.1389728,1715087421.1433313,1715087422.5039673
1715087422.5004425,1715087421.14965,1715087421.1502998,1715087421.1551888,1715087422.5158255
1715087422.5062256,1715087421.1496549,1715087421.1508706,1715087421.1551986,1715087422.5159307
1715087422.512329,1715087421.1617446,1715087421.1623766,1715087421.1672623,1715087422.5278916
1715087422.51821,1715087421.161749,1715087421.162951,1715087421.1672716,1715087422.5279696
1715087422.5245032,1715087421.1736612,1715087421.17429,1715087421.1791794,1715087422.5397596
1715087422.5302308,1715087421.1736655,1715087421.1748688,1715087421.1791885,1715087422.5398328
1715087422.5364475,1715087421.185556,1715087421.186173,1715087421.1910865,1715087422.5520432
1715087422.5420914,1715087421.1855602,1715087421.1867435,1715087421.1910963,1715087422.5521111
1715087422.5482452,1715087421.1976523,1715087421.1982753,1715087421.2031806,1715087422.5640645
1715087422.5542405,1715087421.1976569,1715087421.1988404,1715087421.2031896,1715087422.564137
1715087422.5603456,1715087421.2099829,1715087421.210637,1715087421.2155597,1715087422.576101
1715087422.5665238,1715087421.2099884,1715087421.211232,1715087421.2155697,1715087422.5761755
1715087422.572682,1715087421.2218072,1715087421.2224414,1715087421.2273295,1715087422.588015
1715087422.5784328,1715087421.221812,1715087421.223016,1715087421.2273388,1715087422.5880857
1715087422.5845907,1715087421.2337277,1715087421.2343488,1715087421.2392304,1715087422.599904
1715087422.590344,1715087421.2337313,1715087421.2349136,1715087421.2392395,1715087422.5999792
1715087422.596423,1715087421.2456667,1715087421.2462902,1715087421.2511759,1715087422.6118762
1715087422.6022341,1715087421.2456713,1715087421.2468567,1715087421.2511854,1715087422.6119957
1715087422.608352,1715087421.2576277,1715087421.25825,1715087421.2631612,1715087422.6237764
1715087422.6142528,1715087421.257632,1715087421.258821,1715087421.2631707,1715087422.6238728
1715087422.620315,1715087421.2695918,1715087421.2702157,1715087421.2751076,1715087422.6357586
1715087422.6261227,1715087421.2695966,1715087421.270795,1715087421.2751172,1715087422.635844
1715087422.6322613,1715087421.282843,1715087421.2835343,1715087421.2885017,1715087422.6490288
1715087422.6380517,1715087421.2828476,1715087421.284178,1715087421.2885118,1715087422.6490963
1715087422.6441123,1715087421.2937431,1715087421.2943516,1715087421.2992246,1715087422.660803
1715087422.650355,1715087421.2937474,1715087421.2949214,1715087421.2992332,1715087422.660874
1715087422.6565218,1715087421.3055005,1715087421.3061109,1715087421.3109925,1715087422.673278
1715087422.662074,1715087421.305505,1715087421.306684,1715087421.311001,1715087422.6735415
1715087422.6682324,1715087421.3210466,1715087421.3218703,1715087421.327144,1715087422.6882627
1715087422.6768203,1715087421.3210535,1715087421.322622,1715087421.3271534,1715087422.6883845
1715087422.6836066,1715087421.336719,1715087421.3376143,1715087421.3430552,1715087422.7048967
1715087422.6916578,1715087421.336726,1715087421.3384292,1715087421.3430645,1715087422.7050648
1715087422.6992896,1715087421.3557124,1715087421.3569107,1715087421.3632348,1715087422.7241948
1715087422.708555,1715087421.3557217,1715087421.357962,1715087421.363244,1715087422.7243369
1715087422.7183065,1715087421.3713288,1715087421.3723378,1715087421.3780859,1715087422.7387292
1715087422.7266135,1715087421.3713357,1715087421.3732207,1715087421.3780954,1715087422.7388282
1715087422.7337968,1715087421.3838496,1715087421.3846297,1715087421.3898323,1715087422.7504594
1715087422.7400777,1715087421.3838553,1715087421.3853314,1715087421.3898413,1715087422.7505305
1715087422.7465417,1715087421.3964646,1715087421.397171,1715087421.4021804,1715087422.763641
1715087422.7527947,1715087421.3964696,1715087421.3978257,1715087421.4021895,1715087422.7637084
1715087422.7590618,1715087421.4083343,1715087421.4089763,1715087421.4138682,1715087422.774695
1715087422.7648878,1715087421.40834,1715087421.4095538,1715087421.4138772,1715087422.7747686
1715087422.7710366,1715087421.4204721,1715087421.42111,1715087421.4260168,1715087422.7868292
1715087422.7770674,1715087421.4204764,1715087421.4216967,1715087421.4260259,1715087422.7868972
1715087422.783247,1715087421.432669,1715087421.4333105,1715087421.438202,1715087422.798865
1715087422.7892692,1715087421.4326732,1715087421.4338923,1715087421.438211,1715087422.7989326
1715087422.7954187,1715087421.4447002,1715087421.4453259,1715087421.450216,1715087422.8109632
1715087422.8012896,1715087421.4447045,1715087421.445903,1715087421.4502256,1715087422.8111715
1715087422.8073807,1715087421.4569907,1715087421.4576313,1715087421.462587,1715087422.8242924
1715087422.8133283,1715087421.4569952,1715087421.4582303,1715087421.4625964,1715087422.8244908
1715087422.8196414,1715087421.4731655,1715087421.474039,1715087421.4794426,1715087422.8405
1715087422.8278227,1715087421.473172,1715087421.4748423,1715087421.479452,1715087422.8405962
1715087422.8358488,1715087421.4871063,1715087421.4879231,1715087421.493175,1715087422.854671
1715087422.8428786,1715087421.4871123,1715087421.488665,1715087421.4931839,1715087422.854799
1715087422.8497262,1715087421.5043008,1715087421.5053093,1715087421.5110507,1715087422.875889
1715087422.8581057,1715087421.5043082,1715087421.5062299,1715087421.5110605,1715087422.87601
1715087422.8659241,1715087421.5175865,1715087421.5184457,1715087421.523712,1715087422.8845766
1715087422.872787,1715087421.5175917,1715087421.5191984,1715087421.5237207,1715087422.8847187
1715087422.8793132,1715087421.5312972,1715087421.5320835,1715087421.5372336,1715087422.8978984
1715087422.8869944,1715087421.531303,1715087421.532792,1715087421.537243,1715087422.8980083
1715087422.8939583,1715087421.5436122,1715087421.544337,1715087421.5493407,1715087422.9101496
1715087422.900133,1715087421.5436182,1715087421.5449834,1715087421.5493498,1715087422.910219
1715087422.9063606,1715087421.555957,1715087421.5566337,1715087421.5615828,1715087422.9223034
1715087422.912541,1715087421.5559618,1715087421.5572512,1715087421.5615926,1715087422.9223692
1715087422.9186401,1715087421.568145,1715087421.5688167,1715087421.5737512,1715087422.9347386
1715087422.9246197,1715087421.56815,1715087421.5694304,1715087421.5737603,1715087422.934805
1715087422.9308527,1715087421.5807357,1715087421.5814488,1715087421.5863965,1715087422.9469752
1715087422.9371839,1715087421.5807405,1715087421.582061,1715087421.5864062,1715087422.9470513
1715087422.9435668,1715087421.594501,1715087421.595238,1715087421.6003027,1715087422.9609191
1715087422.950301,1715087421.5945065,1715087421.5959113,1715087421.6003113,1715087422.9610045
1715087422.9565725,1715087421.606643,1715087421.6073234,1715087421.6122713,1715087422.9729595
1715087422.963131,1715087421.606648,1715087421.6079438,1715087421.6122804,1715087422.973027
1715087422.9693775,1715087421.6186721,1715087421.6193185,1715087421.6242144,1715087422.9848652
1715087422.9751582,1715087421.618677,1715087421.619909,1715087421.6242232,1715087422.9849777
1715087422.9813564,1715087421.630662,1715087421.631312,1715087421.636198,1715087422.9968927
1715087422.987112,1715087421.6306665,1715087421.6319032,1715087421.6362078,1715087422.9969635
